144
5
24
-0.0002d+00

3.11412575649e-4 3.91040678074e-5 3.91040678074e-5 3.91040678074e-5 3.91040678074e-5
3.91040678074e-5 0.500039104068   3.91040678074e-5 3.91040678074e-5 3.91040678074e-5 
3.91040678074e-5 3.91040678074e-5 0.500039104068   3.91040678074e-5 3.91040678074e-5
3.91040678074e-5 3.91040678074e-5 3.91040678074e-5 0.500039104068   3.91040678074e-5
3.91040678074e-5 3.91040678074e-5 3.91040678074e-5 3.91040678074e-5 0.500039104068

3.0
1.0
-1.0
-1.0
-1.0
-1.0





    1.871038856873714     
   1.0575128838822465E-002
   7.2420490472444312E-003
  -0.2141721772021301     
   3.4530076456577365E-002
    2.004199987437142     
   0.1553740217882572     
  -1.3754642366297118E-003
  -5.4187176347307089E-003
    1.738914783259941     
   4.2304500450631082E-003
   1.0608019523589627E-002
   0.5946553680915036     
   1.0111894188464123E-002
   0.5006177075867511     
   8.9472482813781049E-006
   7.9318820728261503E-006
    2.912058099565743     
  -7.1427915997797573E-009
  -1.5534991595882151E-008
  -2.7484791323337547E-003
  -5.0086497016840053E-008
  -4.0376224612322220E-008
  -1.6908606053928947E-002
   8.8324583237277015E-006
   7.8848539965407358E-006
    2.891135726691757     
  -2.4656066490895516E-006
  -2.1988507241561015E-006
  -0.8081751388802102     
    1.797715727486915     
   9.0536366354904274E-004
  -2.4932382899643466E-003
  -7.3865375775189026E-002
  -0.1247302978769138     
    1.263797253192919     
  -1.6167762932154823E-003
   4.0845714858011686E-003
  -8.3884631468420707E-003
    6.476255124487517     
   3.2805691068923952E-004
  -2.9441889800503613E-004
   0.4036294701856519     
  -1.0271491219985707E-002
   0.4491856463853109     
   9.1373428856847720E-006
   8.1310360130210082E-006
    2.984071946352106     
  -3.2772207713386714E-008
  -2.5811328876114485E-008
  -9.9714046247471355E-003
  -5.4997848137403409E-010
  -2.7982144390250276E-010
   2.8535284198709515E-005
   7.2403364079401946E-006
   6.4451952054812747E-006
    2.364375729491169     
   8.9954127925210088E-006
   7.9907110389661025E-006
    2.930685200443882     
    1.857326508595147     
  -9.2743534087563422E-005
   5.5004616551915042E-004
  -0.2712977114241724     
  -2.0660439031221718E-002
    1.648285979040566     
   6.8577559858584216E-002
   1.0851606792298682E-003
  -4.7574299552440413E-004
    8.224880348482875     
   1.4707590139877746E-004
   1.4515517749625979E-004
   0.6612938898198669     
  -4.4718157242014032E-003
   0.2495508295586480     
   9.4235047087545158E-006
   8.3767217546352839E-006
    3.074717605987673     
  -4.8932410582119008E-009
  -3.0908838204870297E-009
  -1.4307033202698052E-003
   5.8126356001148327E-010
   3.6086849856695018E-010
   1.0539542123124175E-004
   9.0756391199191846E-006
   8.0660721865302705E-006
    2.961429665373239     
   6.3472768842897747E-006
   5.6701216977661026E-006
    2.090123798289651     
    1.766007011777439     
   1.1513020344319667E-004
   1.2074240820257129E-003
  -7.2298437403894802E-002
  -4.2024821456064574E-002
   0.5886250976237509     
  -2.6846705428523121E-003
  -6.7174183631981466E-004
   9.2854387262971798E-004
    4.058748947851486     
  -1.2549332546848624E-005
  -2.2751229634022803E-004
   0.3827972874577851     
   1.9500640935125023E-002
   0.2854581066986150     
   9.4509146992841089E-006
   8.3947748364955501E-006
    3.081009085364475     
  -1.8606015619919024E-008
  -2.3386994819318132E-008
  -6.3877761608719812E-003
   8.6284670912443175E-011
   3.5240587414646463E-010
   6.2507447430608920E-004
   7.1691079041669248E-006
   6.3669585853112025E-006
    2.337680137216812     
   8.0985581570403280E-006
   7.2066505595650217E-006
    2.645937061754489     
    1.809612694571310     
   1.8104103813436510E-004
  -4.5174389557923202E-004
  -1.4559707844801826E-002
  -0.2012285000555921     
   0.7007187423696736     
   9.4842183902849762E-004
  -8.9471021410384992E-004
   1.1586159619389718E-003
    5.539679417995066     
   3.1409430289034508E-005
  -1.7724030744168120E-004
   0.2140167029297814     
  -1.9474955201957645E-003
   0.5853075411970261     
   9.4545750464621499E-006
   8.4241672641396423E-006
    3.090737928755706     
  -1.8531916658433541E-007
  -1.6259878279650863E-007
  -6.1068807830980019E-002
   2.2554519049193935E-010
   4.7881000962654818E-011
  -1.2872309118658789E-004
   6.5483050509285725E-006
   5.8187634945882794E-006
    2.147890138325567     
   8.7333569873718631E-006
   7.7843943865756771E-006
    2.855392506497814     
    1.741628763198820     
   4.0724841146143227E-004
   9.6362687721107534E-005
  -2.0463850554560925E-002
  -7.6722341671094254E-002
   0.9801554219119900     
   1.4207143403529625E-002
   1.3585697543470334E-003
   4.9538371679440392E-003
    2.946185445366540     
   4.3422243855138829E-005
   2.0985295002255633E-004
   0.2272593433794485     
   1.5014307297889216E-002
   0.3817327652582321     
   9.5242752984272325E-006
   8.4799299411889244E-006
    3.111627543924945     
   6.8788809344914670E-008
   5.6844638527345914E-008
   2.1079382106350870E-002
  -7.8248117510252966E-010
   2.6605262095786077E-010
   1.0283885569890396E-004
   6.7929318225459330E-006
   6.0316921453638574E-006
    2.225118715163813     
   8.4910804827509008E-006
   7.5600955605214164E-006
    2.775182570876067     
    2.005990590437496     
   2.0925712479353393E-002
   3.9212542350547581E-003
  -3.3692725750052901E-002
  -0.1250386888490677     
    1.296335430313889     
   4.6773692217710661E-003
   5.3198143136309541E-003
  -6.0065507098777848E-003
    6.416397473516189     
   8.7443255450975741E-004
  -1.5184322142042843E-004
   0.3415876985166744     
   2.7883469266814309E-002
   0.4317706694153679     
   7.9918194904176776E-006
   7.1215504785721686E-006
    2.611839841804215     
  -1.2655389487519093E-007
  -1.1063845554456462E-007
  -4.1486800150583676E-002
  -1.2414333173042678E-009
  -1.1480499781399194E-009
  -3.3749471137939908E-004
   5.1710860381860480E-006
   4.5809371682316993E-006
    1.674994700475546     
   8.0447665972314333E-006
   7.1365590238900856E-006
    2.609166151667945     
    2.287299106668360     
  -3.0596556045348788E-003
  -1.3896705656619428E-003
  -0.6052205817117756     
  -0.3837191593649330     
    1.126227552429226     
   4.7918263958561145E-002
  -1.9445627662423639E-003
   3.8407904194969102E-003
    3.954623920892491     
  -9.2004929467658396E-004
   1.6195583310622528E-003
   0.9081557749220417     
  -2.7435090873554175E-002
   0.7114401869289963     
   9.2253047666024504E-006
   8.2218657755363793E-006
    3.015431229875389     
  -4.9942240146747263E-008
  -4.2515701418468472E-008
  -1.5608099992610387E-002
   1.6562674393009036E-010
  -2.3797250952044511E-010
  -4.2050643831812513E-005
   9.1226418086818750E-006
   8.1382275650453533E-006
    2.984070821291454     
   9.1153245963155083E-006
   8.1235621880505331E-006
    2.978445456742336     
    1.869716154262847     
   2.0983368381268210E-003
  -2.2076759315780001E-003
  -0.2275852965927007     
  -7.3676852870207776E-002
    1.226850150307755     
   8.9041539643042675E-002
   5.2211009170889078E-003
  -8.4136550499952776E-003
    1.748860085133276     
   3.0080377754133907E-003
  -9.3010147327302271E-004
   0.7647865574113649     
  -0.2924795530159123     
   0.5236405224071047     
   9.3115258818667073E-006
   8.2943894138485224E-006
    3.043180806388577     
   1.5241535723888511E-008
   1.3079688079084997E-008
   5.4571612267415528E-003
   1.0489009504472493E-008
   2.7722744147249512E-009
   9.7300488396207587E-004
   8.8000741207569462E-006
   7.8389558943911286E-006
    2.876350290068454     
   8.5338186699797021E-006
   7.5892013931361122E-006
    2.785768481448232     
    2.018645910624853     
  -8.4739400687729329E-005
  -5.4230793969219473E-003
  -0.5917352996856469     
  -7.5241403362261705E-003
    9.393797549245782     
   0.3126250937276168     
  -4.4571761578649616E-004
  -1.4779495584557464E-004
    3.927728246402459     
   2.0343429237582882E-003
   1.3250700177688677E-003
   0.9215483683212927     
  -1.3798405657434163E-002
   0.2028800569139862     
   9.4473452944617264E-006
   8.4182629216782221E-006
    3.086544794879239     
  -1.5441923468733987E-009
  -8.8812405716858009E-010
  -2.7149405817078778E-004
   3.6620308754363617E-009
   1.7732602913954995E-009
   7.8044457132186391E-004
   9.3398846859010014E-006
   8.3197587214214010E-006
    3.047656706894520     
   6.3631472952648789E-006
   5.6650847995527194E-006
    2.045981667308820     
    2.024537547053364     
   3.6259762290198685E-003
  -1.4073671383021682E-003
  -8.9065521577023965E-002
  -0.4808049627518356     
   0.7593915626187643     
   4.0542731182932776E-002
  -4.5095562586670122E-003
   1.1619198306269398E-003
    10.14678697771565     
   2.8172545293258837E-004
   1.0071024340647452E-004
   0.3812872022217058     
   3.1162846603409058E-002
   0.8403336439679121     
   9.2545369246773355E-006
   8.2302550920784725E-006
    3.019921251830765     
  -2.8620519878388011E-007
  -2.5095271113007573E-007
  -9.2357521238703981E-002
  -3.7943584941498494E-011
   3.2116353466495910E-011
  -6.6161991989017856E-006
   7.4257794234759888E-006
   6.6199798142776345E-006
    2.428823806698940     
   9.2106501779686916E-006
   8.2067269291212934E-006
    3.010315804253000     
    2.565008545218312     
   7.6038307547615140E-004
   1.7109346005120374E-003
   -1.366193835524170     
  -4.9796037223817748E-002
   0.7499277014315161     
  -4.1854051490173658E-002
  -2.8820071793484999E-003
   1.2979865308987781E-003
    2.950484302451980     
  -1.7740789422862258E-003
   1.2147619450471789E-003
    1.270193339626989     
  -3.1973424721096944E-002
   0.3535783238872252     
   9.3247540109308691E-006
   8.2873127109828584E-006
    3.042319476828813     
  -1.2561943806097204E-007
  -1.1427114845825410E-007
  -4.4082619674425967E-002
   8.6428724562974217E-009
   7.5954352754081134E-009
   2.4099879034925067E-003
   9.3258290091122866E-006
   8.2831676751862542E-006
    3.041434765622536     
   7.7273824711898698E-006
   6.8950515005863160E-006
    2.528893560660620     
    1.805321220893443     
   1.3464144761311370E-002
  -2.0492200150457336E-003
  -0.1081375857242884     
  -7.7163323048224139E-002
    1.105016021669706     
   4.3705975566162207E-002
   2.7704838078003053E-002
   1.9490475696703935E-003
   0.7837076173244420     
  -1.0360470695695245E-002
  -4.7385419908195781E-003
   0.7007314149446112     
   2.8277503451906822E-002
   0.3613042934076982     
   9.0516385380738011E-006
   8.0514618285719362E-006
    2.954496163431931     
  -4.1792409731914457E-007
  -3.6555070520757100E-007
  -0.1367519430880763     
  -4.5874908963458587E-008
  -5.5535879525984955E-008
  -1.6783449173615512E-002
   3.2609865709049157E-006
   2.9087681708019035E-006
    1.065098533399449     
   8.4985442686551771E-006
   7.5567960592888266E-006
    2.772589847293058     
    1.782974987431104     
   2.1829856275218966E-003
  -5.1782116926932487E-004
  -0.1191608852191906     
  -3.4472430346772502E-002
    33.31524421915783     
   1.4180099580134867E-002
  -1.1001819363981171E-004
   2.4536552678219832E-005
    2.725713105126429     
   2.9446057970631454E-003
   2.1898098975420446E-003
   0.4678009087897816     
   2.8638290144852512E-002
   0.2556996241145566     
   9.4510252701692323E-006
   8.4170315769117980E-006
    3.087487332189803     
  -1.5277368448624453E-010
   3.1596499061792187E-011
  -5.4591258004272056E-006
   4.7720584355359303E-009
   2.9448152991290231E-009
   1.2200166498954541E-003
   8.4059666540429685E-006
   7.4943436584030483E-006
    2.746884558294595     
   7.9008998780549842E-006
   7.0261315882759217E-006
    2.576391552405619     
    1.875433651399368     
   4.7993713305014394E-004
   2.9431328353100215E-003
  -0.2007155549562471     
  -0.1080818006633024     
    2.086535969876595     
   0.2225224303878859     
  -8.2741372411494503E-004
   3.4153216320015116E-003
    3.716149772950124     
   6.4993628753616184E-004
  -9.5863254796489592E-004
   0.5559061985819343     
  -1.2664889493956606E-003
   0.4629470165712300     
   9.3004591078087522E-006
   8.2930126910919988E-006
    3.041611865449730     
  -5.4065607905382285E-009
  -8.4878161537959596E-009
  -3.0141945517713435E-003
  -5.1766995595926026E-009
  -2.6565680148185242E-009
  -1.0739246071301722E-003
   9.5908241652295896E-006
   8.5342246473565950E-006
    3.130858059771060     
   7.4778398634849150E-006
   6.6663947281600340E-006
    2.444334735852248     
    1.807128230801263     
   9.9862815102543863E-004
  -3.1571610208434291E-003
  -5.0041205192604341E-002
  -0.1407530394129154     
    11.04665137416477     
   0.4068189429105179     
  -6.0851429798358403E-004
   9.9262276753041654E-005
    5.441833483245882     
   1.5376284233957951E-003
  -1.0523431707133801E-003
   0.2985974129171129     
   7.4285441138910873E-002
   0.4742924719882960     
   9.4016779875140024E-006
   8.3486686763864437E-006
    3.064302394909964     
  -1.0535365433596158E-009
  -7.0850457096964137E-010
  -2.8951630788565028E-004
  -6.7512150320057982E-010
  -4.8076616246760420E-010
  -1.4905394656882985E-004
   7.8356544544883446E-006
   6.9676170839901861E-006
    2.556613031094469     
   8.4827068652865307E-006
   7.5550336424987972E-006
    2.770675948789068     
    1.967892010467909     
  -3.1443551560883840E-003
   1.0202778416147589E-003
  -0.3654148637551614     
  -0.1013785326159060     
    5.813425204596971     
   0.2346791462211138     
   3.3626071037103644E-005
   6.0994753361318370E-004
    3.105616892243683     
   2.1597965563577044E-003
  -8.4309719531815990E-004
   0.7422535839846907     
   2.5045798458731094E-002
   0.4066122723468185     
   9.2497436163657163E-006
   8.2311517309740356E-006
    3.020583349985229     
   9.4053264499959432E-010
   1.6203915931347419E-010
  -6.4473791922331731E-005
   1.8485075549908077E-009
   1.1068868712787965E-009
   6.2273165157525545E-004
   9.0757665258527478E-006
   8.0887529111577017E-006
    2.967573580979066     
   7.6926951400795707E-006
   6.8639572843752452E-006
    2.518571664848318     
    1.783603398939855     
   1.1259110799977343E-003
   7.3650922960103804E-004
  -2.0389332687910904E-002
  -0.1310447130060992     
    4.889859593577751     
   9.1440534206957533E-002
   3.0017937283859739E-004
  -3.4600975031694201E-004
    3.302556288612184     
   4.2942864434666994E-004
   7.8266678801723453E-004
   0.2347547071508170     
   2.0121583452671334E-002
   0.4744813066399166     
   9.4867648505494309E-006
   8.4469314727511566E-006
    3.099385477878541     
   2.3354733284159894E-009
   1.4011165293388517E-009
   5.4186803392953653E-004
   3.5894453869643939E-009
   3.1357059998856633E-009
   1.1193794415501592E-003
   6.9654058640103189E-006
   6.2081108706373129E-006
    2.288323412682023     
   8.7680391451395323E-006
   7.8023063007986782E-006
    2.862517021205220     
    2.191563522039673     
   5.4112967287647527E-003
  -8.5705498728192691E-005
  -0.1823203385282108     
  -0.6507955500692384     
    9.717030389126856     
   8.5945479679406365E-004
  -1.0872343053717872E-003
  -5.8487058720075380E-004
    1.546316136126768     
   1.8112274106895040E-003
  -5.7606548988102819E-003
   0.5554841149494360     
  -5.4236463864513862E-002
   0.9490609369514035     
   9.1829252631048313E-006
   8.1890984816262158E-006
    3.003417109356925     
  -5.7514845389403577E-010
  -6.9568688463342863E-010
  -2.7125386190085776E-004
  -1.5289241836829839E-008
  -1.7628138142716729E-008
  -6.6231167528012662E-003
   7.8683971115799176E-006
   7.0017647209301774E-006
    2.567667034708677     
   9.2441190656502350E-006
   8.2443165115387824E-006
    3.022957078431142     
    2.014547171299843     
   2.9078858052819054E-003
  -1.1179891349057585E-002
  -4.1001667564425581E-002
  -0.5183158999795304     
    21.97013930533437     
   1.4514447841919711E-002
  -6.6823242699645116E-005
  -1.7800342449521320E-004
    2.941010534768338     
   1.3569560830007197E-003
   1.4475918795015527E-003
   0.2900840880686151     
   3.8320750010985440E-003
   0.8547114638212362     
   9.3081624805142802E-006
   8.2863808114620152E-006
    3.040024139202579     
  -1.1473190264584987E-010
   5.3266097092565676E-011
  -1.2804417434180815E-005
   1.6682272780235574E-008
   1.6586916418703184E-008
   5.9977358291377900E-003
   7.5179321518061855E-006
   6.6789636930956684E-006
    2.450420467305373     
   9.1257211014234851E-006
   8.1330581307607783E-006
    2.982479052101716     
    1.943670467487214     
   2.6531457243056495E-003
   4.4970753441937976E-003
  -1.3032274599781657E-002
  -0.4082651755812830     
    1.147636439338649     
   6.1119787908187604E-002
   3.1913675083325961E-002
   3.4239965960608192E-003
    4.092006907808723     
   3.2902970094395405E-003
  -5.6409536527898831E-004
   0.5646873942268144     
   1.0481141078035017E-002
   0.7850888606094342     
   9.0869988497723373E-006
   8.0769224117810197E-006
    2.965297239190238     
   5.3254689542959301E-008
   4.7822118994441212E-008
   1.7955070652842302E-002
  -7.3343099853406688E-009
  -5.0595099673311008E-009
  -7.7765736220245412E-004
   3.1572603894786249E-007
   2.8465202778537083E-007
   0.1061547755006104     
   9.1363346427079435E-006
   8.1497718953648945E-006
    2.987784256590592     
    1.736739178313638     
  -2.2900161947399407E-003
  -7.8612931719208445E-005
  -1.4383375436847907E-002
  -7.3633911956719196E-002
   0.8649431874313532     
   5.2071587984046293E-002
   1.0509402457738140E-003
   6.2777884194587781E-003
    1.105533394563641     
  -4.7523311336103911E-004
  -6.6085548915558761E-004
   0.2046676638339607     
   1.0173094440614405E-002
   0.3767836385720082     
   9.5776748894868842E-006
   8.5259087559417708E-006
    3.128673463039252     
   6.3140830951908269E-008
   5.0585384947961956E-008
   1.9025099389942328E-002
   2.5712510074228900E-009
   4.6568224312864013E-009
   1.2070177467024341E-003
   6.4452072451055642E-006
   5.7503444886148554E-006
    2.123061659866026     
   8.5503220771240827E-006
   7.6209236255289063E-006
    2.796539182994432     
    1.746487044970099     
  -1.8553433100210759E-003
  -1.1695425089776488E-003
  -3.3819504518558112E-002
  -5.9679386722780166E-002
    2.067759112584298     
   9.8774238191049850E-002
   1.0550095016712269E-003
   1.0960236856984524E-003
    3.436412050609257     
  -5.4009267776194028E-004
  -3.6001060515634151E-004
   0.2695671032943524     
   3.7583907979590943E-002
   0.3310573332393876     
   9.5062188144298467E-006
   8.4707166972029491E-006
    3.107450994279985     
   1.8949286382065845E-008
   1.8607647351150582E-008
   6.5543750651122226E-003
  -1.0360442887898071E-009
  -1.1228989011636146E-009
  -3.6121443260787927E-004
   7.1526463661376658E-006
   6.3678505229318834E-006
    2.340573603230954     
   8.5275696653611615E-006
   7.5934864311716233E-006
    2.787992209783984     
    1.857048917051590     
  -2.6188884692669854E-005
   2.4770941926082926E-003
  -0.1108998770976780     
  -0.1597288379966326     
    9.734124594083829     
   2.3490128428327246E-002
  -8.1593545707598487E-004
   5.9421958790402405E-004
    1.866997068765791     
  -3.7828363590171210E-003
   3.8868787315066204E-003
   0.9701468583183269     
  -0.8002911449458018     
   0.6695315121145310     
   9.3059236087823720E-006
   8.2827917287946367E-006
    3.037112879213391     
   4.6518531384677262E-010
   2.0436121223691774E-010
  -6.8236435195032534E-005
  -2.5248637051586940E-008
  -2.1333894134591067E-008
  -7.8636790339631766E-003
   8.2266057049139985E-006
   7.3058723388620166E-006
    2.678531483393002     
   8.4057821151988232E-006
   7.4663562313344478E-006
    2.737466749434308     
    1.862974071097846     
   2.6181956566379991E-003
  -3.5464225218253675E-003
  -0.2088701519109032     
  -7.1776729440162388E-002
    2.985299586048875     
   8.9974345806972149E-002
   2.9205277639216858E-004
   8.5034795454547378E-004
    1.627806393087339     
   7.7126211827201274E-003
  -6.4417493514903432E-003
    1.012359814898822     
  -0.6795854942353925     
   0.6154365454286165     
   9.2864797127095997E-006
   8.2652647102831729E-006
    3.032680541722800     
  -7.3849525542754417E-010
  -3.4458469117880504E-009
  -1.0326453989719437E-003
  -3.5275256280855718E-009
   5.8003166122067444E-009
   9.8905089452809225E-004
   8.5118192417759140E-006
   7.5998110207691099E-006
    2.788684126660787     
   8.3389281076297728E-006
   7.4298602046920497E-006
    2.726557012651452     
    1.789786384217653     
  -5.3001206660303124E-004
  -7.5315319937446104E-003
  -6.4667953101735920E-002
  -0.1174069161266493     
    2.392814673415906     
   5.2342419547833909E-002
  -2.3620894870793938E-004
  -8.5621058537721080E-004
    1.301822108782399     
   7.2766996592350583E-004
   1.4068078292763495E-003
   0.3483936892234718     
   8.1420254996177945E-003
   0.4451482105680479     
   9.0138276930111658E-006
   8.0210655711505154E-006
    2.943485203324642     
  -8.1874952666598197E-009
  -5.6828530998596571E-009
  -1.0565311057676177E-003
  -4.4344105698872314E-009
  -5.6850075362764247E-010
  -9.5089205256473637E-004
   7.4357221875900965E-006
   6.6027719342780564E-006
    2.423465546329282     
   8.5046976550527198E-006
   7.5696294924617913E-006
    2.775910474120324     
    1.977553249075340     
   4.8638308895894324E-004
  -7.8300545592646014E-004
  -0.3377323512987740     
  -0.1472179967600350     
    1.201889027936964     
   3.3343177676725935E-002
   5.8482054340703122E-003
  -2.4896830772292975E-003
    1.824793909917781     
   1.3972567112783787E-003
  -1.1142751072716994E-003
  -0.7387990156546524     
   2.6427067635553692E-002
   0.4930206590839969     
   9.2623592584541221E-006
   8.2473606041583878E-006
    3.026300843343740     
  -3.7003154379128156E-009
  -5.1607738106367531E-009
  -1.4358213708905945E-003
  -2.9256890970157867E-009
  -5.2217137723204683E-009
  -2.4686464052791539E-003
   8.9884299589061474E-006
   8.0005006189896832E-006
    2.936205071923524     
   8.8241677440484967E-006
   7.8708667917401884E-006
    2.886825353807133     
    1.734922627761654     
  -1.1345492382702258E-003
  -2.4967512680830182E-003
  -1.9274449224054315E-002
  -6.5320019179203204E-002
    1.943350899699018     
   1.6899753416765440E-002
   2.8353866091177791E-004
   2.5602060741152846E-004
   0.7624832331782827     
   1.0935718861996464E-003
   2.4206812610114476E-003
   0.2186529875126596     
   2.4486163394228440E-002
   0.3422348048535282     
   9.5813742454383810E-006
   8.5221718981849044E-006
    3.127947438950661     
   1.5129660548808097E-008
   1.1885577526210516E-008
   4.5959411251508397E-003
   6.8849441533102365E-008
   7.4421715018791188E-008
   2.6550068646151495E-002
   6.7371513105234806E-006
   5.9992905967963424E-006
    2.213663076454172     
   8.6947062935340664E-006
   7.7514067609561703E-006
    2.844935809247118     
    1.880881733557273     
   1.6940910022869420E-003
  -2.4783007380242763E-003
  -2.0971613891685057E-002
  -0.3228675599182179     
   0.7077134837255496     
   2.2472762628466754E-002
   4.7314750475696545E-003
  -5.5312193879615279E-004
   0.8867510852762434     
   4.0907694819461407E-003
   3.0060425907216395E-003
   0.2476003904153697     
  -9.1877632462398378E-003
   0.7122302867008774     
   9.4191486902889601E-006
   8.3803815658509340E-006
    3.075217644269704     
   1.6889675772590547E-008
   1.5904006190981901E-008
   5.4304624829735815E-003
   2.9689613814472393E-008
   2.6835421904427110E-008
   1.0468781215815082E-002
   6.4596983212065506E-006
   5.7593983911839981E-006
    2.121361266878885     
   9.2876897720063933E-006
   8.2537827087909150E-006
    3.029644125109528     
    2.036698233881924     
   1.3372055097275857E-004
  -2.4307174934386442E-003
  -1.2066271635732486E-002
  -0.6069631930520370     
    1.443320661503892     
   2.4939963097682707E-002
  -5.5810594875634205E-004
  -2.2712781383921747E-003
   0.7121578617337954     
   4.4598176795263669E-003
  -8.0191244558786074E-003
   0.2205664654497076     
  -4.3679523383176369E-002
   0.9363603105776408     
   9.4864472246246407E-006
   8.4388516320230824E-006
    3.097402495597861     
  -1.1291251669837652E-008
  -7.3392564135909844E-009
  -2.3330776880885673E-003
  -5.8128440291769570E-009
  -9.3172115036244385E-009
  -3.6703745741017864E-003
   6.6091767476126284E-006
   5.8823421937857043E-006
    2.168628316632738     
   9.3701078240018028E-006
   8.3345657947713629E-006
    3.059393647041142     
    1.778887853264114     
  -1.4848988283074458E-003
   7.2604121053270170E-003
  -1.9116672099749277E-003
  -0.1085458249582252     
    3.976571315472027     
  -2.8025822911385756E-003
   1.7919614127894001E-003
   2.7023991125591706E-004
    1.010946019591419     
   1.8220571878842208E-002
  -2.8213865812981211E-004
   0.4393607550180478     
   5.6285118333216086E-004
   0.4294519080905438     
   9.1342203624432035E-006
   8.1382288840540156E-006
    2.982932623103311     
   2.0471111248924423E-008
   8.2926032948523964E-009
   1.0515400689716881E-003
  -8.9386293182375223E-008
  -8.2946187005887317E-008
  -3.0920640497223797E-002
  -2.1688760569641561E-007
  -1.9217235287151606E-007
  -6.8112576231502491E-002
   8.9351885182015778E-006
   7.9634776825737053E-006
    2.919598907733792     
    1.772805446606982     
   6.2712354650976154E-003
   3.9701812764934257E-003
  -3.8516204535988230E-002
  -6.8060242593715623E-002
   0.7170506162025313     
  -2.2956841388479110E-002
   3.9894181945218762E-002
   7.5981350133553383E-003
    9.003494633116196     
  -2.6583427635858308E-004
  -2.5453936904359442E-004
   0.7359998978195406     
   1.7917898658376532E-002
   0.3579087679580620     
   9.0750551655024747E-006
   8.1035832918142638E-006
    2.971283686805519     
  -5.2630507638301278E-007
  -4.6741592384318844E-007
  -0.1707617415799419     
   8.5017559768698163E-010
   6.1860444168871940E-010
   6.0715121263992859E-005
   8.0941106933329205E-007
   7.2784498586974111E-007
   0.2676728098024021     
   9.3678935270892456E-006
   8.3299422258685283E-006
    3.053714937893261     
    2.077453297805560     
   6.3840149632552734E-003
   9.4599606848595013E-003
  -8.5631050431403821E-003
  -0.6367181868621708     
    2.175508412192352     
   2.5621782070543309E-002
   5.8645254940042113E-003
  -5.4245584180126061E-004
    1.063227691726010     
   2.2511647401105948E-002
  -3.4259469486073355E-003
   0.5530238220221250     
  -5.9653664970630533E-003
  -0.9505817884481061     
   9.1288757947041965E-006
   8.1306405596248190E-006
    2.981680218615423     
  -1.2190911948792511E-009
   2.4149146204543950E-010
   2.6295063884135379E-003
  -3.8349322183379710E-008
  -2.3620500111144467E-008
  -8.8935180320610634E-003
   2.2965270317903812E-007
   2.0537583748768844E-007
   7.7144697725578082E-002
   9.1172480522797592E-006
   8.1205820157111859E-006
    2.976956921927492     
    1.830087808537345     
   5.8022246512808904E-003
  -3.0919805205995052E-003
  -4.0510527648801906E-002
  -0.2030499806560441     
    17.87534771094193     
   -17.65692675289414     
  -1.8602490868553991E-004
  -6.8362712886969987E-005
    2.539046474170128     
  -4.8883222173788017E-004
  -1.1492813103663351E-003
   0.2821424303938802     
   5.2639702802665447E-002
   0.5737254068862661     
   9.3997998504197007E-006
   8.3668253458404092E-006
    3.068106812138333     
  -1.7317544527361868E-008
  -1.5798736398164803E-008
  -6.1118468942159669E-003
  -1.7237347407274761E-008
  -1.5490918132884186E-008
  -6.0550200835656307E-003
   7.8946468092422348E-006
   7.0209696488726010E-006
    2.531388710193694     
   8.8383747808440400E-006
   7.8503514484432735E-006
    2.884295693308134     
    1.734116018933468     
  -3.9394291007729038E-003
   1.6363050792346971E-002
  -2.1026911853491206E-002
  -5.9893332135318644E-002
    1.324956003403015     
   1.8052354528977045E-002
   1.2851582779755018E-003
   6.8455804143713417E-002
   0.7554970082886046     
   2.4449892908878876E-003
   6.4492765027443664E-002
  -0.2250566206658626     
  -2.8589534017035216E-002
   0.7525101894399247     
   9.0274885241389562E-006
   8.0289596239101826E-006
    2.946876175260102     
  -2.9287717685564370E-008
  -2.5417585895186412E-008
  -5.3719308488825561E-003
  -3.9052281437926926E-007
  -3.5618803047024405E-007
  -0.1298877976495077     
   8.0872253878813218E-006
   7.1945599684375905E-006
    2.635512818300715     
   1.8042359195700433E-006
   1.5966219272482878E-006
   0.5868238839229939     
    1.757269680839413     
  -8.1109764121182177E-002
  -1.7772699471700588E-002
   1.2819979614404076E-002
  -3.3299525731122448E-002
    1.480021526980989     
   -1.279424349664193     
   1.2612027699949568E-002
   1.1465733439926247E-002
    1.231085729043884     
   0.1018889062260345     
   1.1906090402445013E-002
    1.770388079657172     
   3.0626745185784205E-004
   0.2564801531620398     
   9.0631185264254235E-006
   8.0915011396933618E-006
    2.966797112453602     
   2.1927971237028179E-006
   1.9509540067919684E-006
   0.7159218168146132     
   1.3860179918291307E-006
   1.2415290967674784E-006
   0.4582426761219510     
  -1.1188166562391126E-007
  -9.2700324681158737E-008
  -3.4610310779493059E-002
   8.6051347105722478E-006
   7.6506741170987045E-006
    2.784383866564150     
    1.947469688368741     
   7.1741386572228718E-003
  -6.8125515072794860E-003
  -0.4119839303381662     
  -9.8262124996532911E-003
    1.141420837430730     
   1.7118616631355597E-002
   2.1605828548742609E-003
   1.9983937443764288E-002
   0.6300579170899905     
   3.5668494193570877E-004
   2.4760074833527521E-002
   0.7905415136683844     
  -1.0768621030171415E-003
   0.6313598719573345     
   9.0528826235822706E-006
   8.0652193078010210E-006
    2.958552517863144     
   3.5906029482315915E-008
   3.7050514469420008E-008
   1.4313173229167944E-002
  -1.9950823365371214E-007
  -1.8339739074489270E-007
  -6.6966815390295196E-002
   9.0281622498913894E-006
   8.0665233684599329E-006
    2.957024601823491     
  -6.3840829505466976E-008
  -6.2763160995401268E-008
  -2.2633323859732930E-002
    1.787288837958569     
  -7.2037376608407078E-003
   8.7770313010262235E-003
  -2.4010337845521086E-002
  -0.1443621858859832     
    5.882834575544358     
   -5.751782137042035     
   9.0396345289938687E-004
   2.0898857060942073E-003
    1.644198907171959     
   5.6846874667201410E-004
  -5.5290875252679195E-003
   0.2353124101211893     
   2.8790365228160383E-002
   0.4995931576467375     
   9.4646255728262414E-006
   8.4239704890796396E-006
    3.091011191343690     
  -1.4372727310675735E-008
  -1.1028511558938563E-008
  -5.0827805581434991E-003
  -1.8752126250900032E-008
  -1.5791905537852671E-008
  -6.7358754342886753E-003
   7.0625584620229498E-006
   6.2753154086257981E-006
    2.309114296046539     
   8.7161438822652642E-006
   7.7615175146934217E-006
    2.844126890268547     
    1.851956143892377     
  -8.7389405535763451E-004
   3.7634997922528610E-004
  -0.2752489287153232     
  -1.2865635240242117E-002
   0.8953088065758221     
   2.1181071847234429E-002
   3.8878420404066452E-003
   3.9620885167652409E-004
    3.116294914945887     
   2.3790388454204683E-004
   3.0774643635502374E-004
   0.6667009488611458     
  -5.2032481868538092E-003
   0.2137071604849056     
   9.4560168215420148E-006
   8.4222575259704300E-006
    3.089733609686435     
  -3.6553824236315418E-009
  -5.5649302204252002E-009
  -2.1484885381307923E-003
  -1.8041115974546562E-009
  -1.6718621440761949E-009
  -6.5147259693784756E-004
   9.0909215977887161E-006
   8.0919603432508183E-006
    2.968435415302322     
   6.3926107899368425E-006
   5.6847382182947221E-006
    2.099008266456172     
    1.775244342331431     
   4.6503228886612513E-003
   3.1680837605945769E-005
  -0.1071228048911153     
  -1.1142701631613265E-002
    1.010410367955822     
  -4.8434470599140251E-003
   1.3643371360980305E-004
   1.8159909286289526E-002
    3.975418828654402     
   1.3833560490950232E-004
   1.5556527208347064E-003
   0.4270317177873454     
   1.8559807346662726E-003
   0.4183453362668427     
   9.1790326334014463E-006
   8.1818834909159541E-006
    2.998506681790470     
  -5.9364111778061162E-008
  -5.6906080472353899E-008
  -2.1371045920070939E-002
   2.0413379196777997E-008
   7.9536294197627999E-009
   8.2085795703052415E-004
   8.9252770012427511E-006
   7.9561036977730666E-006
    2.916620316078876     
   6.3173521959635428E-007
   5.6415818641671489E-007
   0.2097961422067327     
    1.804433314045461     
  -3.5812383044123401E-003
   1.3284235131228519E-003
  -1.5439186642022865E-002
  -0.1948490510626308     
    1.560511782769632     
   0.1264507917420726     
   1.7117631244381122E-004
   1.2138819686857361E-003
    4.385324202001169     
  -2.2199651346363565E-004
  -1.2157628589638441E-003
   0.2175722988786740     
  -4.8064302507575256E-003
   0.5715538115323366     
   9.4604285757993871E-006
   8.4044193538400194E-006
    3.085125489242424     
   5.8323919113607907E-009
   3.5851390257136178E-009
   1.9495878542444778E-003
  -1.3077695762097101E-009
  -1.1390138967292207E-009
  -3.2522824678064790E-004
   6.3538035603020315E-006
   5.6593214880388665E-006
    2.087871136223250     
   8.9888087115278932E-006
   8.0150173033068643E-006
    2.939182890868898     
    2.045900791314623     
  -2.3433181590786818E-003
   9.4327304305968980E-005
  -0.4319383435243063     
  -0.1814584894971569     
    1.308297733786037     
   0.1524673223181351     
   8.5794243730981723E-003
  -9.1156471668122698E-003
    3.399687182168462     
  -2.3783122902037852E-004
  -1.0935179168696503E-003
    2.160849677433324     
   -1.875748255716500     
   0.9077584661605227     
   9.2712777752221456E-006
   8.2427034649742730E-006
    3.023523218449132     
  -4.4861669119391152E-008
  -3.7870059563313290E-008
  -1.4053710744930101E-002
  -1.9761697080349077E-009
   3.3496476962342747E-010
  -4.0842455926417056E-004
   8.9201157717629869E-006
   7.9387096002583313E-006
    2.910126147320640     
   8.8793834018460753E-006
   7.9026708231393519E-006
    2.895376747533780     
    1.773073416832176     
  -8.1758450748108586E-003
   4.9164674529749970E-003
  -2.5582688352758169E-003
  -8.4209095953138959E-002
   0.4841836825333302     
   1.7266228479533286E-002
   3.5948947693701157E-002
   1.5599801042283956E-002
    2.203760841903445     
   1.5131331631207237E-002
   1.6968926999645939E-004
   0.8618808995271115     
   2.5079012928362179E-003
   0.3841174055797525     
   9.1054732629718398E-006
   8.1258885334153383E-006
    2.979266405267235     
   3.4375719744969082E-007
   2.9889086735682092E-007
   0.1103218190075492     
  -1.2320369181260211E-008
  -4.3571307018267005E-009
  -4.9249068559882652E-003
   1.1147571706108068E-007
   9.4010457757623698E-008
   3.4146360763580934E-002
   8.8957952020329607E-006
   7.9236078844735474E-006
    2.905942625985709     
    3.262060785615251     
  -2.1875892714070861E-003
   8.6158353838634021E-004
  -7.1711353710203030E-003
   -2.372684582493123     
    1.754856609878097     
   0.2233950619444647     
  -9.6580757912590336E-005
   3.7994043014991332E-004
    3.413358948041400     
   5.2769068160712234E-004
   1.5114754613314885E-004
   0.2058888027847626     
  -8.2683154620136801E-002
    1.456083357465999     
   9.5250498783727942E-006
   8.4807239117785791E-006
    3.110122280161987     
  -7.9578657527655778E-010
  -3.2226152301716744E-009
  -7.1324112304695433E-005
  -3.4134392103427902E-009
  -2.1495722300242921E-009
  -7.8847272264907575E-004
   6.9679353751680653E-006
   6.1958482865941900E-006
    2.265240146274596     
   9.5112507386546632E-006
   8.4692263655450795E-006
    3.105616542549425     
    1.742446516880332     
  -1.9597073555957621E-003
   2.8438762432812652E-004
  -2.9396166135558065E-002
  -6.5677771226406563E-002
   0.9550796541479933     
   1.1242832367763280E-002
   5.4219662479994817E-003
   1.2682791091479002E-002
    9.281126148915101     
  -3.1260089037769472E-005
   3.3426605846904334E-004
   0.2583820801242215     
   2.9140774601116014E-002
   0.3609050244082123     
   9.5050901565749193E-006
   8.4591791779739918E-006
    3.103938366672541     
   1.3914066376106595E-007
   1.2388377572398321E-007
   4.5083617294693292E-002
   4.1272329295641885E-010
   3.0909278429441054E-010
   1.0094785799413315E-004
   7.2167122741533412E-006
   6.4328635204368689E-006
    2.365160343740896     
   8.1635018008603613E-006
   7.2642878540664384E-006
    2.666867544655256     
    1.990222460552294     
   2.1948086653235350E-003
   1.4158247463152930E-004
  -0.2564370862841695     
  -0.2585251227583522     
   0.8898782750771337     
   7.3903001557648897E-002
  -3.5165383407791651E-002
   2.9212053894833359E-002
    1.650093243072770     
  -1.9103630436033781E-003
   4.8912230067518712E-003
    4.196586806638140     
   -4.099742099873410     
  -0.8904471486851714     
   9.2837590093414679E-006
   8.2607078799177263E-006
    3.029298738088279     
  -1.3528254785703788E-007
  -1.2182111755967040E-007
  -4.4090417785681488E-002
  -3.1683049397910530E-009
  -3.6937469570756907E-009
  -1.8898733416869039E-003
   8.8842515836402836E-006
   7.8912760034610567E-006
    2.891049438506674     
   8.8695847234316947E-006
   7.8855838929025364E-006
    2.888556192041261     
    1.770824256420649     
   3.7305436275513970E-003
  -2.1509968759926816E-004
  -2.7299277406533049E-002
  -0.1059323143742785     
   0.7136531413854557     
  -3.0113451719899977E-002
  -6.0908935027246267E-003
  -4.2668376736713576E-003
    27.54097590215428     
   2.7846902230882953E-005
  -1.0735166944087120E-004
   0.2572659598686427     
   2.8786242453948695E-002
   0.4315504867550681     
   9.4911243540436594E-006
   8.4408782803228402E-006
    3.097537259528968     
  -3.0975734788057085E-007
  -2.7535995946566318E-007
  -0.1013312594846610     
  -1.2191711316772871E-010
   5.3485617017525753E-011
  -1.6792525143159542E-006
   6.9224651302846443E-006
   6.1556721111574930E-006
    2.264406268079687     
   8.6786941522649190E-006
   7.7213350364950708E-006
    2.829475792399929     
    1.788945561968101     
   3.7449571616030219E-003
   2.4706489707826025E-003
  -9.3694477165466523E-002
  -4.9286849251143794E-002
    1.051181585019270     
   3.1573142415514961E-002
  -1.7765488947471400E-002
   2.3680837443940979E-002
    17.67627234251437     
   3.6132284346501899E-004
  -1.5168444606427370E-004
   0.5794005599697264     
  -0.3142138260854308     
   0.4715316894248259     
   9.5673875563328075E-006
   8.5052800956584758E-006
    3.118195028595588     
  -5.4252500396024192E-008
  -4.9893906607971488E-008
  -1.8685015542730888E-002
  -1.2151014361365842E-010
  -7.9581639611181609E-011
  -2.8792948771818159E-005
   8.5034002760899110E-006
   7.5440995413338836E-006
    2.762499178532747     
   7.7589004555862235E-006
   6.8973210192563261E-006
    2.524273183274884     
    1.771349921011398     
   6.1072670479118401E-003
   5.1268565088546367E-003
  -7.1617960018794893E-002
  -4.1973907040063256E-002
    1.046586468231287     
   9.7900569277034162E-002
   3.3293897936288830E-002
   8.7243912500690470E-002
    1.924720163098858     
   3.9202222473039349E-002
  -8.5707986267917207E-003
   0.7227724699367003     
  -0.5144068890403145     
   0.6846142000996315     
   9.3271160457777889E-006
   8.2695970431607151E-006
    3.031855680688668     
  -6.3320320456707240E-007
  -5.5388144044963976E-007
  -0.2030237780712214     
  -1.0748607600695002E-007
  -8.5256285621968040E-008
  -3.3323062161606809E-002
   4.8260759156639956E-006
   4.2920628661414222E-006
    1.566168245255451     
   4.3455673168467879E-006
   3.8761459484532805E-006
    1.419102424889915     
    1.803891879948358     
  -1.0346014056191957E-003
  -5.6288280744043124E-004
  -0.1914871366915409     
  -2.2526789705142312E-002
    1.044859855763738     
  -1.4529742227156226E-002
   3.2282720634321387E-003
  -4.4161808794156983E-004
    1.424417248230776     
   9.9390709072386958E-004
   4.7647186598852969E-005
   0.5698106182922612     
   1.1064847766878905E-003
   0.2364196044170340     
   9.3598069347686028E-006
   8.3320794810322951E-006
    3.057087044112601     
  -5.2477152933438900E-008
  -4.7979389859862760E-008
  -1.7602138007546069E-002
  -2.2203838631174917E-008
  -1.8922435301314733E-008
  -7.1719278816556091E-003
   8.7852963483167734E-006
   7.8175761668157335E-006
    2.869035865844557     
   6.7211142921047351E-006
   5.9863663166150038E-006
    2.204593516633155     
    1.747843933352583     
   6.1541714964430039E-004
   4.0144724926842965E-004
  -6.4254540880890767E-002
  -2.7164260882373581E-002
    1.662553600367007     
   4.2477843153334218E-002
  -8.1633484164137684E-004
   3.9186493470965180E-004
    1.282662335024821     
   5.1029455368641337E-004
   6.4289701453574981E-004
   0.3476824333485746     
   2.0762453541239720E-002
   0.2490848908602638     
   9.5458489594406881E-006
   8.5026220004460544E-006
    3.119487896921703     
  -4.3061314351148230E-009
  -2.9877494181818545E-009
  -1.5452680080490171E-003
   2.9188120356029961E-008
   2.4301522230713801E-008
   9.2034091860417284E-003
   8.2555589199713744E-006
   7.3482688540704970E-006
    2.696341900067692     
   7.1513576590389469E-006
   6.3639727838405227E-006
    2.343530449727977     
    1.919269163301674     
  -6.2934991062575438E-003
   2.8346703923194610E-003
  -0.3904601745114282     
  -1.6661240016721930E-002
    2.789179855382309     
  -3.5950210112523946E-003
   2.1531518444691131E-003
   6.7838305369425900E-005
    2.540469861453504     
  -2.8046819913470603E-003
  -6.0158541575334841E-005
   0.7735242382676589     
  -1.0689997362646850E-002
   0.2299399122987726     
   9.4216706048813954E-006
   8.3915474066516271E-006
    3.078854663078979     
   6.4004894136237755E-009
   5.5409786065222821E-009
   1.8992934386039106E-003
  -6.2642505144512626E-009
  -4.0366755676826740E-009
  -1.8031592975306520E-003
   9.1744279977238801E-006
   8.1630829883990064E-006
    2.995745006744357     
   6.9570848701929080E-006
   6.1887093751970870E-006
    2.281174358931671     
    14.72443976821746     
   1.7890714942787356E-005
  -2.2686303700608064E-004
  -7.8068349710478246E-003
   -14.51801177821362     
    1.685674347184404     
   5.2845176817789596E-002
  -3.3326839058783504E-003
   2.4183904534789051E-003
    1.002500645408542     
   6.2525224841714655E-003
  -3.6263338932848779E-003
   0.3685411200562725     
  -0.2698521041443759     
    1.708453873344502     
   9.3437590557043197E-006
   8.3159694622367937E-006
    3.050486952887827     
  -2.0644903357493636E-008
  -1.8552280384061515E-008
  -6.9927591858164986E-003
  -5.5136688742665738E-008
  -4.8541723207566054E-008
  -1.7803425483850996E-002
   7.8882428172562751E-006
   7.0052080881002272E-006
    2.570022644679875     
   9.3435063301190109E-006
   8.3157232375862868E-006
    3.050407809928518     
    1.750775077897150     
   7.3385318805282900E-004
   1.8444366662396771E-003
  -1.3926684913443586E-002
  -9.9437882743576171E-002
    2.381104295347967     
   6.7740722856855617E-002
   2.3585692060262651E-005
   1.2734201693478828E-003
    1.668115263975210     
   4.1124266221909043E-004
  -7.3683516891221554E-004
   0.2049267749444745     
   7.7301703435343398E-003
   0.4301026603382365     
   9.5630413197458335E-006
   8.5055666094246547E-006
    3.121644489305059     
   7.4200557643967757E-009
   6.3336841595066149E-009
   1.9705472486090891E-003
  -1.2792721150332507E-008
  -1.3214001365273063E-008
  -4.4884476281588732E-003
   6.3946733000361249E-006
   5.6883393877676349E-006
    2.102438074885976     
   8.4730768974084558E-006
   7.5489780326461320E-006
    2.770071223653920     
    1.749586213890932     
  -9.2490082523315760E-005
  -3.9617365705186360E-003
  -5.5955199788952701E-002
  -5.4800651145064521E-002
    2.323663231290930     
   6.1719407453707813E-002
  -1.8819651964264963E-003
   2.0114559673478167E-003
    1.310769590276529     
  -3.4893767049296320E-004
   3.6324475253429793E-003
   0.4310144832542996     
  -0.1981180797513240     
   0.4176472035774365     
   9.4138050100998836E-006
   8.3788127259134093E-006
    3.074882190353069     
  -6.1855689062876298E-009
  -1.7183608261945393E-009
   5.6636816550281743E-005
   2.7914447451473960E-008
   2.6031001789031425E-008
   8.4044680026187812E-003
   7.9289090130137572E-006
   7.0503861696969095E-006
    2.586100220325267     
   7.7477943320734299E-006
   6.8969615984788657E-006
    2.531058937334063     
    1.755000594611805     
  -1.6328367667439267E-002
  -4.8515693249905780E-003
   3.4783304919279616E-002
  -3.9475850951340629E-002
    2.282573542322996     
   8.6080875856161647E-002
  -5.9725570693277970E-003
   1.1375652091095430E-003
    1.310642120834170     
   1.2732141924362015E-002
   2.7083533444840242E-003
   0.7812000065306643     
  -3.2130239576238075E-003
   0.2766675792645186     
   9.0402471462259459E-006
   8.0440021077975956E-006
    2.951252014909578     
   5.4153617775048719E-008
   4.9673071348473288E-008
   1.9048879975192477E-002
   1.0164249067763778E-007
   9.1183864846865443E-008
   3.2699091062766006E-002
  -7.4455936500744198E-007
  -6.6284959490653179E-007
  -0.2437804747335732     
   8.4036134931189039E-006
   7.4671625578217871E-006
    2.740494103818917     
    1.820182807560781     
  -5.7652877515014040E-004
   4.0097714843656469E-004
  -3.0694641051043465E-002
  -0.1958079879594694     
    48.58156025032665     
   4.6491080734503178E-005
   8.1121294706322526E-006
   3.4458231734569660E-005
    1.145921422950839     
   4.8844714058957805E-003
  -3.9566178978344407E-003
   0.2517225819584948     
   4.3115844500901659E-002
   0.5618058164630160     
   9.3804297453214929E-006
   8.3568882758221790E-006
    3.066504915401962     
   1.6785626906004644E-010
  -7.2050800427368280E-012
  -3.5013701178306440E-006
   2.5982190176672049E-008
   2.1334482825822714E-008
   8.0384767520132794E-003
   7.4879454501835916E-006
   6.6585945627785881E-006
    2.451637841445872     
   8.5409433163847659E-006
   7.6127342323635663E-006
    2.793387592444548     
    1.804268992561718     
   2.5537123864577076E-004
  -2.0327795396890638E-003
  -1.8936575252386149E-002
  -0.1737298691683744     
    10.85220176206449     
   1.8749308023276306E-004
  -5.5705789756254358E-005
  -3.5950734733579823E-004
   0.6974473492066416     
   5.2309687590410743E-003
   7.1538047318523983E-003
   0.2223005945264570     
   2.0132060504741145E-002
   0.5293772080290980     
   9.4733901362888275E-006
   8.4363759965302094E-006
    3.095086078397125     
   1.3335623893540021E-010
   2.0746267271858949E-010
  -1.0178385907902892E-005
   1.5330869489520467E-007
   1.3707009296884987E-007
   5.0945966586528151E-002
   6.9684883785716973E-006
   6.1898254076519326E-006
    2.281994733803432     
   9.1241900047927249E-006
   8.1206610247226898E-006
    2.978211327239779     
    1.811055040868629     
   8.4041563270433493E-004
   2.0064191692322408E-003
  -0.1578554064886752     
  -4.7590402326798547E-002
    103.9972220596353     
   5.8393609326409663E-004
  -3.0778031996141171E-005
   4.8479549266123270E-006
    1.329136518926483     
   4.4387716239542048E-003
  -4.8624791622181034E-003
   0.5172757630615856     
   3.2334619561727811E-002
   0.2991027694975967     
   9.3995513849036154E-006
   8.3675435896174282E-006
    3.069028363346512     
  -3.8415066391049715E-011
   1.2554815117655127E-011
  -1.6170953172113121E-007
  -7.8522994435438065E-008
  -7.0538702376153282E-008
  -2.5622811364902578E-002
   8.7603156088310659E-006
   7.7879467886465994E-006
    2.856153841867168     
   7.7768824302280262E-006
   6.9123447689616366E-006
    2.523643384631999     
    1.843404029723043     
   4.2469284975548502E-003
   3.5412811498048002E-003
  -8.0485084549833950E-002
  -0.1602468567750901     
    17.81041051641574     
   2.8443068789312914E-003
   1.5270101793115973E-004
   5.9148132280196464E-006
    1.039846369749150     
   1.7392184951286360E-002
  -2.3280264577974235E-003
   0.4364719409624147     
  -6.3142179691157416E-003
   0.5129983243964029     
   9.2896767432256393E-006
   8.2602696804894578E-006
    3.030253973216026     
  -1.0772630671035743E-010
  -1.0514342919227406E-010
  -4.0396621779779265E-005
  -7.3316043515120448E-008
  -6.4190996705889702E-008
  -2.4200795869053793E-002
   6.7466476222203013E-006
   5.9854262533856959E-006
    2.197703017502764     
   8.8393727118956491E-006
   7.8499258794701898E-006
    2.879149537053984     
    1.755941120375322     
  -1.4085613805720176E-003
  -5.2944182436605578E-004
  -7.4567233293391491E-002
  -5.2592933327033009E-002
    6.847142582753616     
  -1.5212156961282222E-003
  -7.1935186918808345E-004
   2.7680172935065173E-004
    1.245303444525530     
  -6.7120847195105799E-003
   4.1378865167880701E-003
   0.4686833002853227     
  -0.1752213075533725     
   0.4154736866806069     
   9.3980688026705206E-006
   8.3694331005844464E-006
    3.071460402939219     
  -1.2629827108364071E-009
  -5.7845408129401763E-010
  -8.4720683754602160E-006
  -7.2906225096650443E-009
   2.8743081771105579E-009
  -4.1149851694723987E-004
   8.3995378209119629E-006
   7.4963517460497258E-006
    2.748188700557149     
   7.8386506628602293E-006
   6.9861311446415630E-006
    2.561922584510109     
    2.129842088837202     
  -5.3127011910871573E-003
   3.7915147898648738E-003
  -0.6466961649072812     
  -8.8146958077545907E-002
    33.58402997456457     
   2.6692607553360448E-003
   1.0198000170191683E-004
   6.9658787250953580E-005
    1.266665138844981     
  -3.4539015234823891E-004
  -1.2128344929717196E-002
   0.9277106355625698     
   8.2778492626807818E-003
   0.4069004669497013     
   9.2629576805802500E-006
   8.2398598094913229E-006
    3.022543695967314     
  -7.7108916715126199E-011
   4.6628008055204617E-011
   9.4692738648957047E-006
  -7.9053991932568053E-008
  -7.0618430322023524E-008
  -2.5884679102878394E-002
   9.3222443810291349E-006
   8.3056968764619405E-006
    3.046452853003004     
   7.3581419678481543E-006
   6.5474091343746323E-006
    2.402872245259555     
    2.275171642769320     
  -1.8796102149239822E-003
  -3.5965872873559377E-003
  -2.2496402903175250E-002
  -0.9878378987908835     
    18.77766314783814     
   7.8088663238382807E-004
  -8.9848496937227793E-006
   3.2907741674187947E-004
   0.8928667266339833     
   2.8032847527055500E-003
  -3.0398076146823838E-004
   0.2746024142740850     
  -8.8191102566767441E-002
    1.138764736846129     
   9.4095704782517213E-006
   8.3809606902503333E-006
    3.074819303988262     
  -1.3750619560061714E-010
   2.0865327048984321E-010
   2.7027756084980314E-005
  -2.4250537964560386E-008
  -2.1493379490655942E-008
  -7.4563197422857099E-003
   7.7518373348602099E-006
   6.8799369431907760E-006
    2.525922366997341     
   9.3512222440830115E-006
   8.3395530215258944E-006
    3.058344608957972     
    1.848061158900648     
  -8.0955914663256685E-002
  -1.6646549993743410E-002
   1.5580412487028472E-002
  -0.1924844726740237     
   0.7857425722534780     
   0.1521385529285240     
  -7.0519120177162167E-002
   2.4917380983143564E-002
    1.677382015417726     
   0.1003376769491688     
  -3.2226413700940979E-003
    1.276243713056447     
   4.2729051516561869E-003
   0.5472387061310632     
   8.9975650727363785E-006
   8.0113388925555515E-006
    2.938599966112030     
   1.8132288746132348E-006
   1.6040135195878347E-006
   0.5898200616146530     
   6.0076722716211837E-008
   4.7949628664302741E-008
   1.8945368624867523E-002
  -2.4410006866197014E-007
  -2.0314338730066210E-007
  -7.7786089861145555E-002
   9.1845246399851135E-006
   8.2046801131410803E-006
    3.007362488560389     
    1.749007202971434     
   1.2527445625142497E-003
  -1.2906103952495782E-003
  -7.3464180683680649E-002
  -2.3269674018314426E-002
    1.534820837283993     
   5.3395373653627765E-002
  -6.2047903256901691E-003
  -2.5969016432635925E-003
    17.54178984285158     
   1.5582697313904754E-004
  -5.5031195221905005E-005
   0.3846938223104349     
   1.4922794880937524E-002
   0.2271962208078998     
   9.5390414158121200E-006
   8.4905283492775876E-006
    3.115524274866525     
  -1.6782302179087409E-008
  -1.7830848532842203E-008
  -6.4418837512940419E-003
   1.3930942596163118E-010
   8.4327368658203277E-011
   3.8085555673562510E-005
   8.1529730789667791E-006
   7.2540206824463924E-006
    2.661744137341127     
   6.8316390017776989E-006
   6.0785967449266476E-006
    2.237990538119077     
    1.734080862847024     
   2.2917556284653098E-003
   7.4981833357491094E-004
  -2.3832279380627370E-002
  -6.4680513562591182E-002
    2.358991896417143     
   0.1918749063044807     
  -1.2128424229642498E-003
  -3.7687386381451087E-003
    7.839614228710481     
  -1.2289428053185136E-004
   6.0405223051968759E-004
   0.2285037540459079     
   2.8156080441643230E-002
   0.3618557124327613     
   9.5125612186587265E-006
   8.4805506917518887E-006
    3.110860793408222     
   1.9258431843069683E-009
   1.4674103148299471E-009
   5.3890333375277741E-004
   1.4926344801964988E-009
   8.4741105050210628E-010
   2.1138967543237053E-004
   7.1257481788488839E-006
   6.3432341712085520E-006
    2.340784343586588     
   8.0335070322207009E-006
   7.1624325887320683E-006
    2.626623233297707     
    1.758645210451105     
   5.6310405857202266E-004
  -1.9764785866773886E-003
  -5.2070024143644851E-002
  -6.3073691618614198E-002
   0.8377045689793555     
   5.9555191032696717E-002
  -5.7124165792059509E-003
   1.0842119565546753E-002
    1.353262699266673     
   6.0130286002671891E-004
  -2.8309368052589399E-004
   0.4239507256889894     
  -0.1742283359141464     
   0.4264137349395699     
   9.5096887065103601E-006
   8.4602846599181056E-006
    3.104006554562935     
   4.3911326898126450E-009
  -9.9778955967332266E-010
  -1.5606218133202860E-004
   1.2314305510029229E-008
   1.0414055260144759E-008
   4.0855728114261467E-003
   7.8366643437137009E-006
   6.9727838495634007E-006
    2.558920061717827     
   7.8839233881068065E-006
   7.0095562159408606E-006
    2.573225731325576     
    1.877083102571562     
  -1.2432691998924270E-003
  -2.7113326620674529E-003
  -0.2643252129563660     
  -5.2872231406812196E-002
   0.6412402219796425     
  -2.0337923062894432E-002
  -3.6543457689681755E-003
   1.5664779558787323E-002
    2.149888342444768     
   1.0297557957408556E-003
   1.0331743140347807E-003
   0.6289416574220334     
   9.9901799917765679E-003
   0.3405358504353533     
   9.3707106480846925E-006
   8.3500044200001806E-006
    3.063336685295870     
  -8.3240058046304348E-008
  -7.6313452858452022E-008
  -2.6997490103395281E-002
   1.2578390853619961E-008
   1.1011917741156612E-008
   3.7820989956394948E-003
   9.5336953684079031E-006
   8.5019666259556139E-006
    3.119162792887953     
   7.1033447532309957E-006
   6.3349445623260170E-006
    2.326930857954506     
    1.835335874368858     
  -1.5433377894271141E-002
   3.6971655420856115E-003
  -0.1045135995906507     
  -0.1420968566195165     
   0.7569949249723521     
  -2.6426971324431396E-002
  -6.4523366126095416E-003
   9.1736302990717995E-002
    3.245599601435776     
   8.1546153292347423E-004
   1.8786140975412447E-003
   0.4066951708020229     
   5.5017434254568931E-002
   0.7082251615798093     
   9.0546928764283479E-006
   8.0185168706969332E-006
    2.945959277435989     
  -3.1303048021486246E-007
  -2.7553281786341199E-007
  -0.1005163159121627     
  -3.6160244966406596E-008
  -2.9339862371732455E-008
  -9.5847563746267390E-003
   8.7523267828573719E-006
   7.7911120502906233E-006
    2.858395834085615     
   4.0730981619363282E-006
   3.6395505671793469E-006
    1.334614275532465     
    3.032536826908677     
  -2.8301569890013884E-002
  -8.5193061956223435E-004
   2.4127264546851572E-003
   -2.036916095495209     
   0.3557307323018397     
   1.4348266659278881E-002
   2.8668111182907214E-002
  -0.1627334307190180     
    1.876444386898143     
   4.6381345188228851E-002
   2.3031940894358112E-003
    1.197342008721996     
   7.1244911864735574E-003
   -1.415069698877008     
   9.2764617480937588E-006
   8.2700950854093183E-006
    3.033872320268244     
   6.5643377105530600E-006
   5.8471821530842840E-006
    2.149437708277215     
  -8.8933801635765946E-009
  -7.5309952424545878E-009
  -2.8166887901809300E-003
  -6.8273158382875332E-009
  -7.1309376710691872E-009
  -3.4314786513504325E-003
   9.2654221283093658E-006
   8.2615167772944105E-006
    3.030646345032987     
    1.751646453742156     
   4.1850577777407185E-003
  -1.4299660428326511E-003
  -2.3896132255763325E-002
  -8.1352506089421173E-002
    2.005344289528168     
   -1.308307420019629     
   3.0773642560963035E-004
   3.4382944585807151E-003
    1.778756577404596     
  -3.8548583360486056E-004
  -1.0720998597503326E-003
   0.2389454309300758     
   3.2423450588049851E-002
   0.3906979636633080     
   9.5114366277473597E-006
   8.4687736291935511E-006
    3.107768873160750     
   1.5384374833865966E-008
   1.0204558036756297E-008
   3.4691714040524739E-003
  -1.2598656500058949E-008
  -1.2117170002345568E-008
  -4.4781608154373789E-003
   7.0887140170276997E-006
   6.3016338509774403E-006
    2.319157776688526     
   8.3777009717566226E-006
   7.4445863051470482E-006
    2.730865292316223     
    1.763062693335771     
   8.7344738858354898E-004
  -9.9716129221412650E-004
  -4.1761111243844455E-002
  -8.4373885998059492E-002
    1.039895154643519     
   6.1037549386216829E-003
  -1.1009194492327010E-003
   2.3391455324937165E-003
   0.5843395335222881     
   1.6120993257194112E-003
   6.0863579546372550E-003
   0.2866430117134524     
   3.0479696657505824E-002
   0.4005953936019221     
   9.3808526590619792E-006
   8.3559084845629243E-006
    3.065444943605815     
  -1.6927126270239823E-008
  -1.3398406486424981E-008
  -5.4769221652688707E-003
  -1.3526991941002473E-007
  -1.1283572582465449E-007
  -4.1711958382568977E-002
   7.6917151997793383E-006
   6.8620147076584868E-006
    2.520232633301861     
   7.5393250877160733E-006
   6.7347860152786652E-006
    2.470281471149981     
    2.540469220242380     
   4.3211093057717722E-003
   3.1404854794015313E-003
   -1.351566468502555     
  -3.3159675433670186E-002
    2.648790449822698     
   0.3942262784707558     
   3.8688816954936819E-004
   2.1899634740843328E-003
    5.064701830486776     
   3.0605271729881069E-004
  -5.6270228915823104E-004
    1.257467410159011     
  -2.7023376502960788E-002
   0.3440631955274035     
   9.3788985682137351E-006
   8.3373633941438285E-006
    3.058972185303797     
  -6.7424411020324602E-009
  -4.0068199467990482E-009
  -1.4142313773582559E-003
  -2.0330045062703617E-009
  -2.1585769624991680E-009
  -7.9659601289162074E-004
   9.3821308890088915E-006
   8.3382517145051462E-006
    3.059079920822941     
   7.4398760891606441E-006
   6.6231054116349313E-006
    2.434378603345940     
    7.910273055025484     
   6.1235829484453985E-004
  -2.7095739416294085E-004
  -6.6382377794523393E-003
   -7.536538476950475     
    1.083290965779929     
   0.1186257900940526     
  -5.0517023369846870E-003
   2.7765158025851249E-003
   -2.448555215651022     
   3.7587238505895044E-004
   1.2206104440540755E-004
   0.2542330895280067     
  -0.1520414502736382     
    1.669061794382610     
   9.4288725984117345E-006
   8.3899536842535127E-006
    3.078602152831418     
  -8.2022655666386264E-008
  -7.2899457898122595E-008
  -2.6934974597353234E-002
   1.0201780342970670E-008
   7.7706448646759263E-009
   2.7646651259904296E-003
   7.2824294648719103E-006
   6.4724515165245755E-006
    2.374901497836847     
   9.4283195061112277E-006
   8.3894527848703984E-006
    3.078423343192407     
    2.560162108410651     
  -2.0039561837131150E-004
   5.4477424528313376E-003
   -1.326417946795526     
  -7.0751040340927220E-002
   0.7542585286199524     
   4.3047803550163630E-002
  -5.4388880159783621E-003
   1.6705305628260046E-002
    1.106405386963065     
   4.6480749555338825E-003
  -5.3501972297406297E-003
    1.268249210016723     
  -4.6242194046195051E-002
   0.4160581738099659     
   9.2561033300421638E-006
   8.2309652703501293E-006
    3.020819100216434     
  -2.0659196547387211E-007
  -1.8392780653836445E-007
  -6.8568225010367723E-002
  -8.6325360102271205E-008
  -7.9656173825400263E-008
  -3.0340564593612251E-002
   9.2510605903179215E-006
   8.2241872957431994E-006
    3.018531059764350     
   7.6388219017829648E-006
   6.8042822553595155E-006
    2.497012093637845     
    1.772743665607799     
  -2.7399580802281580E-003
   8.8672387956720264E-003
  -4.9886654124310876E-003
  -9.9323520996917303E-002
    1.360287692869229     
   4.0832492600800343E-002
   4.2368607489648920E-003
   1.3621262962332206E-003
   0.9149262838372788     
   1.0996158326924945E-002
  -3.6254872059858476E-004
   0.4544832156665512     
   1.4409420497778767E-004
   0.4155655200202563     
   9.1536661332379747E-006
   8.1244145761221098E-006
    2.981116022965713     
   7.3854411676246743E-008
   6.3615230850715010E-008
   2.4577916364659211E-002
  -5.8836001136314504E-008
  -5.8160615424754276E-008
  -2.0960296719516345E-002
   3.0126175924091845E-007
   2.4365704340827685E-007
   9.0624190165407210E-002
   8.9217986420649815E-006
   7.9319351374429132E-006
    2.906486509656139     
    4.259201515729468     
  -1.2200845414512993E-003
   6.7457317769778840E-004
   -3.570436811669841     
  -7.2254784416650564E-003
   0.8562844833809965     
   6.8956961558559815E-002
  -4.6172653029673096E-003
   7.1541290705459399E-003
    1.621640195146072     
  -4.3476394817168629E-004
  -6.1152232737902921E-004
    1.570796772039080     
  -1.5955902018213930E-002
  -0.2307692223062486     
   9.4853921365098355E-006
   8.4373451102394856E-006
    3.097462198704904     
   8.2627413069708346E-008
   7.9361362080900584E-008
   2.9868647768801200E-002
  -7.7539915402179993E-009
  -5.3117634550000634E-009
  -1.8831296057235212E-003
   9.4805120345886280E-006
   8.4329037635763431E-006
    3.095883888895713     
   7.0745157763888127E-006
   6.2915548100466667E-006
    2.319350693616889     
    2.041558990215588     
  -0.1179939002885043     
  -1.6111874444574261E-004
   3.3601105730289769E-003
  -0.4742243097363427     
   0.4640893163692506     
  -1.4418270179824912E-003
   4.8755269988654923E-003
  -5.0273249453348479E-002
    2.160828576393031     
  -5.8783854589624083E-003
   1.9837082322821914E-003
   0.6326920834223628     
   1.1870050627120696E-002
   0.8502821310745365     
   9.1899559662629322E-006
   8.1738051909551181E-006
    2.999601427856433     
   7.6703611044300573E-006
   6.8387184198858852E-006
    2.507533513304659     
  -9.3153792793520012E-009
  -7.9113939839663878E-009
  -2.1932689670904546E-003
  -3.1114976096363272E-007
  -2.8664226073133104E-007
  -0.1054187617337765     
   9.0240281693008626E-006
   8.0215406317464666E-006
    2.942849629240875     
    1.827696011481964     
  -2.8320259488028707E-003
   5.3913185829731098E-003
  -0.1903578302620524     
  -4.0570419252889769E-002
    8.294179999208376     
   -7.157161898735724     
   3.2660743322448531E-004
   9.7350523527846491E-004
    4.219558927672643     
   4.3365668055121196E-004
   1.9041289534336951E-005
   0.5578440698710056     
   3.2334618415538161E-002
   0.2740755672829765     
   9.3850367580866134E-006
   8.3509250326507924E-006
    3.064442626749493     
  -6.7596064616086640E-009
  -5.6823935587677337E-009
  -1.9307163927776536E-003
  -9.2971011809088964E-009
  -7.2579020590109069E-009
  -2.7060129935079775E-003
   8.6750396190279595E-006
   7.7331189789951802E-006
    2.832257709985983     
   7.6734550423048420E-006
   6.8191986234943593E-006
    2.511554752252217     
    2.533338651913794     
   1.1641035751388853E-002
  -1.0813335471835268E-002
   -1.366000546337689     
  -1.8071784562144934E-002
    2.219618964611338     
   -1.595908133199120     
  -5.1291723077052884E-003
  -1.8607351800182911E-004
    1.363598097000550     
   1.0412523540609662E-002
   9.3894529437589682E-004
    1.267657575323496     
  -2.1514835022996492E-002
   0.2784779514143045     
   9.4303453277857443E-006
   8.3957639018871895E-006
    3.077779148712207     
  -4.0326724621126768E-008
  -3.9672076122840538E-008
  -1.3551778726881896E-002
  -5.8844947957972717E-008
  -5.2858568883620993E-008
  -1.9231657547098973E-002
   9.3864368681294295E-006
   8.3606092297424546E-006
    3.063834917819154     
   7.3727641207083305E-006
   6.5589437748904897E-006
    2.374343918204576     
    2.076596511708458     
   9.2235555888499690E-003
   7.7505294358844186E-003
  -0.6351159112269307     
  -1.2531639358972968E-002
    1.064381162643482     
   5.4501687896915314E-002
  -3.3248929497715096E-003
   2.9698144537918418E-002
    2.165405840948847     
  -6.1751519854979522E-005
   6.8209045537534054E-003
   0.9495238765719831     
  -6.1215307294300567E-003
   0.5433968102772019     
   9.1364875461614492E-006
   8.1384270712905185E-006
    2.984425003889573     
  -3.7488910380325660E-008
  -2.2619093687583258E-008
  -8.5819508221520984E-003
  -9.1275257742151190E-009
  -6.7918233455701316E-009
   4.4188948121245977E-005
   9.1224743667131527E-006
   8.1257958628455729E-006
    2.978837873590490     
   5.5889803031513754E-007
   4.9814319739410511E-007
   0.1848732275495404     
    1.858734680184583     
  -1.0985556896371524E-003
   2.5000982930176341E-003
  -0.2994027038529914     
  -9.2815803061486193E-003
    14.61430675143175     
  -1.6913649354961797E-004
  -1.8031306747173659E-004
   1.1576098243992383E-005
    1.275183058331991     
  -5.5679626726915785E-003
  -3.9858214932904144E-004
   0.6910185586305730     
  -1.3365047673185384E-002
   0.2056088340066516     
   9.4843695908731558E-006
   8.4440513189956725E-006
    3.099185457911258     
  -3.7681060629647938E-010
  -1.3793043397786888E-010
  -4.6871457048772056E-005
  -1.9013699341943649E-008
  -1.4809857834204278E-008
  -4.1532131871037548E-003
   9.0983034693489895E-006
   8.0978004248355173E-006
    2.972524909635288     
   6.8107086090981976E-006
   6.0571101611395850E-006
    2.237860838314926     
    1.877270086761554     
  -5.5453936812724791E-002
   9.9198673557192514E-004
   1.7705987519942328E-002
  -0.2955707276056648     
    1.416776157484147     
   -1.248719190299615     
   8.1515190703806368E-003
   4.2892488842102203E-003
    1.217853931574718     
   1.6074014760484157E-002
   2.8994628179222426E-003
    1.009821761650196     
   2.4039152684368963E-004
   0.6776728362587444     
   9.2373756096455892E-006
   8.2352362109288890E-006
    3.019587904289429     
   1.4087605176389848E-006
   1.2570694331692041E-006
   0.4628634095060792     
   8.5445231219951285E-007
   7.6403519110339246E-007
   0.2814010016687127     
  -4.6855032751533319E-007
  -4.1395976453456900E-007
  -0.1528424410949732     
   9.3107129145725036E-006
   8.2931266904919259E-006
    3.040566960046971     
    1.759174096878321     
   4.1381607525345379E-003
  -3.3351000252007870E-003
  -2.5302450236946559E-002
  -9.1321289792749045E-002
    4.315933807208407     
   -2.395251471314404     
   3.7208344558618878E-004
  -1.9080166305855551E-003
    2.800466042299503     
   1.1429418543997791E-003
  -1.5438016675961530E-004
   0.2431529571254880     
   3.2931288805663255E-002
   0.4052253581681749     
   9.5016931166303493E-006
   8.4591846704200755E-006
    3.103403586680188     
   9.0620408585597918E-009
   5.1235805302701838E-009
   2.2838747615829078E-003
   9.8680643368567580E-009
   7.8640346989900181E-009
   2.9914451373561795E-003
   7.0389603004581538E-006
   6.2549725489871015E-006
    2.300210702373799     
   8.5690218053010661E-006
   7.6331963069224749E-006
    2.798949834311318     
    2.490519783959232     
  -8.1487222194657587E-005
  -1.4928916702453243E-004
  -5.5266113435246043E-003
   -1.325935238086843     
    6.555013296017529     
   4.6869079721224391E-004
  -1.0682116817919982E-004
  -3.2400751630896352E-004
   0.9347010190664484     
   3.3864134910117705E-003
  -6.8796951006140521E-003
   0.2147922224976575     
  -8.7118751772716969E-002
    1.241144205929831     
   9.4558177508894445E-006
   8.4154517823306350E-006
    3.087191514869114     
  -1.2486521157529900E-009
  -1.3676740587105327E-009
  -4.7839176423470784E-004
   1.9571917439700730E-008
   1.5008637624618615E-008
   5.5156373751685974E-003
   6.6356539932185985E-006
   5.8959114578277125E-006
    2.170030301460157     
   9.4078811612950410E-006
   8.3782945397652906E-006
    3.072897457459670     
    5.204486966924127     
   6.6279972252927060E-005
   1.5431086230858440E-003
   -4.616996686852056     
  -2.1559865722485894E-002
    1.519887431008658     
   0.2206797867677371     
  -2.5832740609304485E-003
   8.4184399403207788E-003
    3.574907769061196     
   2.4447681309551523E-003
  -3.7145042200369027E-003
    1.650378121024809     
  -6.4946222683870953E-002
  -0.3979158780519699     
   9.3098756839213479E-006
   8.2847463354967861E-006
    3.039870768800239     
   5.0823412870726168E-009
  -1.5362500955119229E-009
  -1.0134024772169705E-003
  -9.6352748412737395E-009
  -8.4707401677880494E-009
  -3.1457791980871876E-003
   9.3069300908206962E-006
   8.2817542014077699E-006
    3.038810936024290     
   7.9854232722518628E-006
   7.1097823541070930E-006
    2.609073355514840     
    1.938353755846176     
  -5.5314682257504790E-005
   2.5645984403892808E-003
  -0.3345764631840304     
  -7.7017106268620239E-002
   0.7618572236271862     
   3.4219609574496741E-003
  -1.1068571590253387E-003
   1.6261978087159276E-002
    5.733562529270499     
  -1.0814427957468329E-004
  -3.7222764464713980E-004
   0.7134061778769620     
   2.8197759452632578E-003
   0.3953334812285052     
   9.2996978002723534E-006
   8.2811200631319686E-006
    3.038746287568674     
  -1.3617796364137735E-007
  -1.2106454959120081E-007
  -4.3523101245040632E-002
  -2.9372330331427188E-009
  -1.4815263613399534E-009
  -4.7714650492398381E-004
   9.2093527480037789E-006
   8.2175777617308867E-006
    3.014083053344621     
   7.2559630644892366E-006
   6.4678338134696709E-006
    2.376514788534177     
    1.780848861656897     
   1.9776370477089081E-002
  -1.3271234021055736E-003
  -8.9947531105435345E-002
  -8.2837354821720197E-002
   0.8846218028856127     
   5.6293013023788783E-002
  -8.2956682925467966E-003
  -0.3388289089347942     
    1.203597278992617     
   3.3279558911510327E-003
  -2.2392258053182879E-004
   0.3828535103452899     
   4.1555932611524904E-002
   0.6123050444829902     
   9.3004905885717353E-006
   8.2422471373814084E-006
    3.026399871151835     
   1.2149126304690117E-006
   1.0761850127314385E-006
   0.3986329426207163     
  -3.2657826305064299E-008
  -3.1675352041155511E-008
  -1.1704261523631219E-002
   8.7761385436511858E-006
   7.8119450667870609E-006
    2.864052355812643     
   3.2147252964101360E-006
   2.8623789822756734E-006
    1.047834667564985     
    1.876046640269518     
   8.4640016998480245E-004
  -3.0476971854425909E-003
  -8.9740135319063494E-002
  -0.2176595579168512     
   0.8835276685245882     
   1.0674161145867400E-002
  -9.2730255958878836E-004
   3.3456268096692492E-003
    3.295065465461840     
   1.2240776457780311E-005
   2.1504068902124467E-003
   0.3878763386550644     
   1.1711457559965419E-002
   0.5798081674480935     
   9.3315646412360245E-006
   8.3140983449240196E-006
    3.049649736598591     
   6.5182201924349421E-008
   6.4721676988520285E-008
   2.3993646695293949E-002
   6.2584668090105406E-009
   4.9117199346201712E-009
   1.4242988472262885E-003
   8.3428618521980251E-006
   7.4158790364818099E-006
    2.721795047350206     
   9.4754259144945561E-006
   8.4319310664907743E-006
    3.094719909976814     
    1.771847484866354     
  -4.9916011487268097E-004
   4.0869486703176321E-003
  -1.3049188283746613E-002
  -8.4301322288515266E-002
   0.8632794025701591     
   3.7405162748193499E-002
   2.2997079360538892E-002
   2.6150552409789296E-003
    2.199968021191628     
   3.6379177028377230E-003
   4.0900251475706471E-004
   0.4781901276136707     
   1.6337052442021682E-002
   0.3843300780238738     
   9.1295385942430087E-006
   8.1464624749914964E-006
    2.986838338271685     
   5.6192446019868729E-008
   4.4991033347436806E-008
   1.6102894417821463E-002
  -1.1042860972300810E-008
  -3.3597512754266639E-009
  -4.4666291708899308E-003
   6.9822279523610558E-007
   6.1528616981698860E-007
   0.2265071153487014     
   8.8705858669232303E-006
   7.9018581311499094E-006
    2.897811588459538     
    1.783508028116303     
   7.2988072925197596E-004
  -3.6754219005495803E-004
  -8.7060386676494854E-002
  -6.2838256855067511E-002
    2.246475436378421     
   0.2653146595396680     
  -1.9549445610488423E-003
   2.1796377587311300E-003
    4.050940900913621     
   2.2600123266443188E-003
  -1.6941496186983096E-003
   0.5631832838997200     
  -0.2647398636642896     
   0.4743159477626824     
   9.4870915937816864E-006
   8.4384366213069697E-006
    3.095617637202693     
  -8.1053504995496564E-009
  -1.6109395890785194E-008
  -4.9761856210012905E-003
  -2.8434404642606248E-009
  -3.7935967980372243E-010
  -1.1651944626708055E-004
   8.0414797274091647E-006
   7.1694737503816164E-006
    2.627006234507135     
   7.9515506644698135E-006
   7.0825957678752332E-006
    2.592143684922608     
    2.013387231369312     
   4.4742857579132158E-002
   1.0974217401200665E-002
  -3.8546353753479504E-003
  -0.5223437899571790     
   0.6996676475150610     
  -9.5172057485338737E-002
   7.6462581286079798E-003
   2.6191799715665285E-002
    1.421552065863038     
   3.0258613246819444E-002
   3.0058591507345627E-003
    7.094038474582836     
  -1.4091071613056048E-003
   0.8784009748473947     
   9.1175798807101600E-006
   8.0654166101205576E-006
    2.962546085506170     
  -2.0380188087215649E-006
  -1.8160153375502064E-006
  -0.6668758615824339     
  -1.2081525485036089E-007
  -1.0455148048294634E-007
  -3.7499371301345423E-002
   3.6391985025321514E-010
   1.4108921754840100E-009
   6.5679890740332256E-004
   9.0539321428756434E-006
   8.0945376111511695E-006
    2.966678857447574     
    1.763471102011386     
  -6.4802525875435535E-002
   2.6839541056744070E-003
   1.3695965352374611E-003
  -4.2670655475721846E-002
   0.4419675719604498     
  -6.3854895644623539E-003
  -2.8392380060590177E-002
  -0.1922933277415373     
    3.627609871160989     
  -2.3605498883303717E-003
   1.0092466156962119E-003
   0.8460596408277835     
   1.1273178270658915E-002
   0.4144836947659848     
   9.5473240500793004E-006
   8.5014880102000561E-006
    3.115687807119058     
   7.9962564861170362E-006
   7.1244479800579930E-006
    2.611523996265196     
   1.4390878827265916E-008
   4.8433557440507649E-009
   1.4230049658917618E-004
  -2.1070432718506944E-008
  -2.1293382761521911E-008
  -6.3020945986286918E-003
   7.1270550698761195E-006
   6.3526300038091783E-006
    2.330842793239074     
    1.777245067349534     
  -1.5267581859633717E-002
   7.6439881243098586E-003
  -1.6116418067785565E-002
  -7.4997186820627402E-002
   0.5446358514665096     
   1.0128304208938821E-002
  -2.2961650970712348E-002
   9.5910860948372072E-003
    3.765760417260643     
   0.1389562287222578     
  -4.5018799092365551E-004
    2.253769621595240     
   1.3704331945723294E-003
   0.3696615215373613     
   9.1089610448717870E-006
   8.0718110443540105E-006
    2.963067719935388     
   3.0959092977786886E-007
   2.8305137645726667E-007
   0.1036278023906553     
  -1.6555002328031452E-008
  -1.2737279624339366E-008
  -4.3717434441660386E-003
   6.2755376609652034E-008
   5.1002902477299923E-008
   1.9239050648745337E-002
   9.0930795232854482E-006
   8.1100003162598018E-006
    2.969653956705355     
    1.746089112533346     
  -1.4616971167905977E-002
  -2.0932679148626083E-002
  -3.6693025857035662E-002
   3.3569277048761221E-002
   0.6172942038725317     
  -1.0422998692224898E-002
  -7.9377355767905780E-002
  -0.1624534967717065     
    2.305130326369011     
   9.5097384693265834E-002
  -2.1656778234467664E-002
    1.123033108416772     
   4.9349358448406431E-003
   0.7059512090028093     
   8.7023237066805930E-006
   7.7554212683887558E-006
    2.845435169073719     
  -1.2390274494401303E-007
  -1.1735345027995712E-007
  -4.4872688957374880E-002
   3.9314576713949174E-008
   4.1644109672919747E-008
   1.4937225917739987E-002
   5.5341874174215882E-007
   4.9365725670454585E-007
   0.1788982175450004     
  -7.1086044459825972E-007
  -6.3562860278535682E-007
  -0.2349167930371244     
    2.302157183909602     
  -9.6594317522560598E-004
   2.6344028392787884E-003
  -0.8712213417698464     
  -0.1427143659036972     
    2.777862092038825     
   0.1130250053502505     
  -4.5782538492274032E-004
   9.8291730999275035E-004
    1.800010814417737     
  -5.9414320642872998E-005
  -4.6894080107363854E-003
    1.085684476463903     
  -3.9037760246760875E-002
   0.4951722389050309     
   9.2063371263413458E-006
   8.1849733195758283E-006
    3.004053753591831     
   2.1001449526216183E-009
   1.0772482591825701E-009
  -4.3592414357631988E-005
  -2.7550201904221225E-008
  -2.3189788607913489E-008
  -8.1978921165634038E-003
   9.1800060099879950E-006
   8.1616476845320669E-006
    2.995591245720623     
   8.2599786513392122E-006
   7.3580854997396186E-006
    2.698312266476547     
    2.137453028730775     
   8.6153243788409846E-004
  -1.4125500688183630E-003
  -1.7305882785685842E-002
  -0.7621802967728250     
   0.8605651441590778     
   8.3193687409944541E-003
   2.3307919022596062E-004
  -1.8794422225466969E-003
    2.924254500605375     
  -5.8633418419184391E-004
  -8.9873751767540000E-005
   0.2495625160275746     
  -4.5311923633853395E-002
    1.024352839057463     
   9.4231494728948189E-006
   8.3791793643341599E-006
    3.075757552188410     
  -5.1600431603920480E-008
  -4.3381763659627381E-008
  -1.5800814788103872E-002
  -3.2370121598635277E-009
  -2.6209274873701323E-009
  -1.0035805361619510E-003
   6.8419338540088699E-006
   6.0898386864791458E-006
    2.242744023694093     
   9.3615568800048941E-006
   8.3189366486631648E-006
    3.054494003731718     
    1.846026395827092     
   3.6383403847902338E-003
   1.2912336194674463E-003
  -0.1873212742828198     
  -7.0413416042413335E-002
   0.8730145253386919     
  -4.3939307753115608E-003
  -1.1273171180458772E-002
   1.2711533403191086E-002
    5.072557964696515     
  -1.3601914565195605E-004
  -1.4374549582933032E-004
   0.9130519102769229     
  -0.5821568048756057     
   0.5829195023115188     
   9.2551598522777550E-006
   8.2442262194935800E-006
    3.025392105400559     
  -1.0893625583508233E-007
  -9.1492536162892772E-008
  -3.2696327595636907E-002
  -3.2033276715302543E-009
  -2.1473128477539474E-009
  -4.2564967463089607E-004
   8.2005672883367851E-006
   7.3143680374298032E-006
    2.683411164699905     
   8.1332676058811781E-006
   7.2587142818609447E-006
    2.659705512248631     
    2.043695893601809     
  -9.6903056780207741E-004
   1.1520803579263343E-003
  -4.3569872109589722E-002
  -0.5625117166590606     
    1.023480870591142     
   6.8429423471513040E-002
   5.2426043576357850E-003
   3.8973196489942330E-003
    1.358030556707048     
   1.9674676711497225E-003
  -4.3332593571220572E-004
   0.3293898560519223     
  -2.3425898813479278E-002
   0.9078276001813197     
   9.3191169162900547E-006
   8.3001824286377541E-006
    3.045237345329292     
  -2.6814567205399369E-008
  -2.5805236706595003E-008
  -9.2285888918726418E-003
  -1.0478323870649819E-009
  -1.1044071823652326E-010
  -4.6394026012463554E-004
   7.0829358820297603E-006
   6.2876409678394971E-006
    2.311175242090455     
   9.2331828966411127E-006
   8.2279177060055346E-006
    3.018394205099576     
    3.687931984662928     
   1.0271593622009783E-003
  -7.8358281047658407E-003
   -2.590447424476676     
  -0.2825658020976578     
    1.130459867812731     
   0.1629903289792730     
   4.6974681013768418E-003
  -1.5561741098476882E-002
    1.986507578632740     
  -6.0661607072502317E-003
   1.9645026036130467E-003
    1.574659780833435     
  -0.2352411628165865     
  -0.7190068499982393     
   9.1749725227822605E-006
   8.1735574149004329E-006
    2.996762683846709     
  -7.0582191146870121E-008
  -6.1715659070117539E-008
  -2.3419138434024465E-002
   8.8827646791503074E-009
   1.2700394955428929E-008
   4.9514182901907251E-003
   9.1694775453477479E-006
   8.1701772760281894E-006
    2.995317370175505     
   8.9489663925660619E-006
   7.9632947112957151E-006
    2.919030333677721     
    1.964263843669986     
  -6.8798347531203259E-004
  -2.6949280330225771E-003
  -0.4451725125810921     
  -3.6283399605499485E-002
    1.446921387970107     
   5.1220056088159973E-002
   7.3757410102617946E-004
   8.7380428133206571E-004
    3.762728385394835     
   5.7106205668903556E-004
   3.7115908074377453E-004
   0.8299906729801336     
  -1.9683006219824872E-003
   0.2831263439844010     
   9.3648304170835530E-006
   8.3258461801660300E-006
    3.056498264043119     
   1.5748792736122312E-009
   2.9191211772031274E-009
   1.1948235206673568E-003
   1.6758002685584787E-009
   2.1079160682672402E-009
   9.1821375114489570E-004
   9.1641956118382861E-006
   8.1532797411737121E-006
    2.993374835899806     
   7.0081632366037585E-006
   6.2533417620359977E-006
    2.298990719708655     
    1.741200712646365     
  -1.9711085344895219E-004
  -2.4433822687409692E-003
  -7.5310976041227811E-002
  -1.9947975188098050E-002
    1.169168559732622     
   1.8069515670599067E-002
  -1.3942550204413371E-003
  -2.0191389962183126E-003
    5.144846604795512     
   3.6090983722696182E-004
   1.9582676593301333E-004
   0.3761344543116851     
   1.0652267397691442E-002
   0.2168102967302976     
   9.5557152024854357E-006
   8.5046699687728893E-006
    3.121337186773673     
  -1.3941413137636649E-008
  -1.0097832828532520E-008
  -3.7268155456303242E-003
  -2.2977570595086765E-009
  -5.1559615858038459E-010
  -5.4551946756159477E-005
   8.6431913549794519E-006
   7.6805233482553259E-006
    2.819912376819677     
   6.9340182760462170E-006
   6.1712846520893239E-006
    2.275670365492865     
    1.792328097015956     
   2.7024728890296315E-002
  -1.4818007033973211E-003
  -0.1343056966673016     
  -5.6603381455790647E-002
    1.123415546727618     
   8.1876988386830121E-002
  -4.3118832877706224E-003
  -0.5383042951963985     
    3.327767050124640     
   9.6845733341845825E-004
  -1.6649305987686005E-002
   0.4614027938474845     
   3.2958450686905683E-002
   0.6367840825858130     
   9.3340809912623079E-006
   8.3694052389431377E-006
    3.063450952720376     
   1.1743380264081011E-006
   1.0485093911262067E-006
   0.3819711601309362     
   1.5541864756197388E-008
   1.2230307458134473E-008
   4.5916169044742166E-003
   9.1712423774745808E-006
   8.1482195826703041E-006
    2.988576504993179     
   2.2955867647674006E-006
   2.0403872724301220E-006
   0.7488285229076556     
    1.835142486891950     
   6.9369003642673635E-003
  -4.4794029719617559E-002
  -0.2309546002241272     
   4.6913756748692856E-002
    2.168626392644995     
   0.2813154809538807     
  -5.0264522276323165E-004
   6.0788783432955622E-003
    3.624287066838078     
   2.0314210660481398E-003
  -4.9401017568647339E-002
   0.6096773596642188     
  -5.5981600636790088E-003
    1.058192292860747     
   9.2161142604720165E-006
   8.2248672593434620E-006
    3.017709174169612     
  -3.9680995270778361E-008
  -3.7049540243841244E-008
  -1.4003209433500087E-002
   8.6671035541320549E-008
   7.9064974672549146E-008
   2.9168249304269303E-002
   9.2529143200155701E-006
   8.2608632366450419E-006
    3.030498580657697     
  -1.0543443759566560E-006
  -9.4184447006352734E-007
  -0.3456621705687660     
    3.077245668318493     
   5.5544822180675189E-003
  -2.1229454017779541E-003
  -2.9202349905549676E-002
   -2.101043514081386     
    1.650647688757504     
  -1.2826408596648431E-002
  -6.4800379633527339E-003
   5.8024212400342652E-003
    11.68334783427813     
   3.7126793573445220E-004
  -4.2104571017821177E-004
   0.3433959674467740     
  -0.1551089827024177     
    1.428895717568028     
   9.3539799320802928E-006
   8.3368964699499788E-006
    3.057416539836011     
  -6.2959262810402894E-008
  -5.6404059046802546E-008
  -2.0089760990424024E-002
   8.2539106782721188E-011
   2.8876813923245273E-010
   1.2871383953997846E-004
   7.6507848776839182E-006
   6.7957603370818749E-006
    2.491438205649432     
   9.3413714075792562E-006
   8.3263664649562017E-006
    3.053520351679400     
    1.812309467192636     
  -5.9074535124698411E-003
  -1.8087423820712555E-002
  -0.1391787164039567     
   5.3571029211178987E-002
    1.294032971143641     
   1.3579594914215942E-002
  -5.3357485642904035E-003
  -7.0663246692735378E-002
    18.10149674539857     
   1.1843853540612312E-004
  -1.9461917951063569E-003
   0.4802680099396330     
  -1.9347353693026289E-003
   0.6893559902641956     
   9.0517722704008978E-006
   8.0320157363606413E-006
    2.947696458275757     
   3.8052793706264296E-008
   3.5814999310858564E-008
   1.2527115884459685E-002
   9.3517136517434665E-010
   7.8604919809856781E-010
   2.7492267051172576E-004
   9.0710414322787862E-006
   8.0801563731763988E-006
    2.958151847849101     
  -1.9177321557378807E-006
  -1.7042572686408093E-006
  -0.6261110180612919     
    1.755675736058972     
   8.0782803468825612E-003
  -6.5976761742631620E-003
  -5.0160300159646365E-002
  -2.1340395479308309E-002
    1.658005949991531     
   9.7374586175352853E-002
  -7.2836101734485972E-004
   2.9628950696103518E-002
    7.194916724200493     
   4.8729086684717391E-004
   6.7681830221158581E-004
   0.3034826840939580     
   2.4930263305369871E-002
   0.6775191593421180     
   9.0685968803605270E-006
   8.1016465752547102E-006
    2.969069875709927     
  -2.4804238346478642E-008
  -2.0616330117447341E-008
  -8.5544762950646014E-003
   4.3655182216798512E-010
   2.8490201442335202E-009
   1.2249309099461649E-003
   8.8350983093937892E-006
   7.8504922067786476E-006
    2.875646283543841     
   6.6374185311906810E-007
   5.8990952340554204E-007
   0.2169849214815217     
    1.944087971847552     
  -1.9113497884986383E-003
   5.2200085724784522E-003
  -6.4018197133731602E-003
  -0.4087502916665512     
    1.156727493371305     
   6.7598676155802817E-002
   2.5777864865383506E-002
   1.9291202389376441E-003
    4.098486186271528     
   2.8886341597062600E-003
  -4.3867518047627243E-004
   0.5715111144597522     
   1.2954910866025937E-002
   0.7858879486021547     
   9.0762627839731369E-006
   8.0677238144275609E-006
    2.961803230330123     
   1.2808947365161607E-007
   1.1440645998142831E-007
   4.2415940568772923E-002
  -8.1166348813068847E-009
  -5.7109870213060816E-009
  -1.0181528143105865E-003
  -4.3485687218274833E-008
  -3.3871924933566526E-008
  -1.1140642758481678E-002
   9.1266724470252640E-006
   8.1402966580954654E-006
    2.984351055872764     
    2.641669528603793     
  -9.9174281018359434E-004
  -1.6277328503101876E-003
  -1.0726606240893568E-002
   -1.543696027067803     
   0.7290684383550968     
   2.5023353516544447E-002
  -2.4837633433606849E-003
   3.5420136569854854E-003
    1.254272905292079     
  -9.1242500613244246E-004
   1.6198785152870430E-003
   0.2197151424088099     
  -7.8747561843821359E-002
    1.301983288918264     
   9.4930831577493606E-006
   8.4409652008092202E-006
    3.097526752837906     
  -5.1522705257183414E-008
  -4.4219878873924658E-008
  -1.3518392531430230E-002
   2.6127620567840464E-008
   1.9240265163529322E-008
   7.1007128113145193E-003
   6.9227138908707806E-006
   6.1473547149143082E-006
    2.264351877609311     
   9.4705404111634071E-006
   8.4197528020030159E-006
    3.089751518647639     
    1.831635483167451     
   4.4042623944115054E-003
  -3.5494847172441220E-002
  -0.2323075552784180     
   1.7788309673398752E-002
    1.521235503898884     
   5.7388093773198632E-002
  -1.2354387885487688E-003
   2.7350842041654602E-002
    1.416665939547896     
   3.1529721714894432E-003
  -2.8471595134323300E-003
   0.6034556296166718     
   1.5380096270327801E-002
   0.8749845597711724     
   9.1543859029365073E-006
   8.1751275798052205E-006
    2.997980988310944     
  -1.1201728677861684E-007
  -9.7992101421423836E-008
  -3.6408506248977708E-002
   3.9852312814759765E-007
   3.6205269848264532E-007
   0.1316657832278302     
   9.3580585502154463E-006
   8.3499137206952483E-006
    3.063410929145418     
  -3.2235756770746309E-007
  -2.9580522373966875E-007
  -0.1082893062582618     
    1.767934501271583     
   5.1783588186902962E-002
   1.6244349272272971E-003
  -0.1050120355604204     
  -3.2241340917751686E-002
    1.087025883029864     
   5.7612954405149530E-002
   8.9795034183409896E-002
  -1.9739619906790145E-003
    3.813130853592434     
   2.1643128538396028E-002
   2.6819882189447486E-004
   0.8717450287398609     
   1.3761297657471845E-002
   0.2557632084892095     
   8.9569390938149382E-006
   7.9951346713218454E-006
    2.930819903453398     
  -7.5287575132948046E-007
  -6.5452583477186623E-007
  -0.2419923485652174     
  -3.8428863645621414E-009
  -6.2753118373668766E-009
  -1.9367535642335579E-003
   2.2223860564165747E-006
   1.9846399198033748E-006
   0.7305258647423597     
   8.3069656654295088E-006
   7.3767761376537226E-006
    2.710592441169423     
    2.092057761371275     
  -2.0198514168019805E-003
   8.1382618628791619E-004
  -2.8750942684443267E-002
  -0.6736265308031132     
    1.336160217648986     
   1.7314531218869876E-002
   3.0388076367457573E-003
   3.7625962865830798E-003
    5.719207106005731     
   1.8278582497478952E-005
   7.6170829349079554E-004
   0.2839929205528020     
  -4.5434717684354169E-002
   0.9783818803966104     
   9.3869435317871215E-006
   8.3699966728497053E-006
    3.069799198614071     
   6.3146883447516311E-008
   5.4587159554170164E-008
   1.9744074680675098E-002
  -1.6009399802649305E-010
  -1.6092129872553915E-010
  -6.0344329335864906E-005
   6.8816492431320606E-006
   6.1419451832468912E-006
    2.260356486078910     
   9.3632038776726532E-006
   8.3423660141601523E-006
    3.060216068971031     
    1.757833834772100     
   6.0676986022391883E-003
  -2.2712485567060297E-003
  -5.1403664553091319E-002
  -3.4706218340684520E-002
    1.656184049645296     
   9.9180575800746791E-002
  -5.1192379060637450E-004
   4.0032085024613480E-002
    7.193289783286858     
   4.1435623761902729E-004
   1.0089351073102666E-003
   0.3051622002378855     
   3.0644931792076369E-002
   0.6577863979690623     
   9.0687164262624549E-006
   8.1019983354746685E-006
    2.969074253119577     
  -2.6356997171273422E-008
  -2.1759387980904918E-008
  -8.9740841302533312E-003
  -1.5692248821476548E-009
   1.1969981491752744E-009
   6.1652856428129965E-004
   8.7239237240528951E-006
   7.7563158098696157E-006
    2.840121531009212     
   1.1827677164702351E-006
   1.0522956971834505E-006
   0.3867641029468370     
    3.352182820078096     
   1.9001733709815332E-003
   1.7990669364770966E-003
  -7.6916834772961380E-002
   -2.390841140240246     
   0.7960882552300125     
  -4.1000420981709667E-002
  -6.3654678769660844E-003
   1.5749170000935743E-002
    4.912026012489465     
   8.5764559899051473E-005
  -2.9673810389224489E-004
   0.4639238859629927     
  -0.2569272424965164     
    1.473992357971289     
   9.1993024238020311E-006
   8.1962844835417030E-006
    3.006270495175540     
  -2.2450839460175209E-007
  -2.0148546606056410E-007
  -7.4730716841319831E-002
   1.3006164536444575E-009
   4.7005602703553588E-010
   2.1797674212108245E-004
   7.6075977246537452E-006
   6.7692075741032554E-006
    2.482800480677533     
   9.1935276287773995E-006
   8.1920164643402735E-006
    3.004570072800198     
    1.850545962029326     
  -5.8650574791557837E-002
   2.5966848735315855E-002
   6.5438349947063159E-002
  -0.1821969672629406     
    2.669588332955338     
   0.3529593260453421     
  -4.0040610502053546E-002
  -7.9066925897804605E-004
    10.41953095122101     
   4.2314078140528020E-003
  -5.5347544302974248E-004
   0.6512580515699296     
   1.2467279668887687E-002
   0.5494312527782171     
   8.9582842036536601E-006
   7.9735908562440230E-006
    2.923670160388131     
   1.2570640058465550E-007
   1.1658116439484520E-007
   4.2941568166398945E-002
  -3.5786132647892255E-009
  -3.6302633804645978E-009
  -1.3978441211631800E-003
  -2.4817777928039075E-006
  -2.2044358218008675E-006
  -0.8103882499820617     
   9.2235215573939122E-006
   8.1984772377537301E-006
    3.002317326984260     
    5.520749624873065     
  -8.0441876018832819E-005
   2.8005113914833855E-003
   -4.952116038558590     
  -3.3922140198466173E-002
    1.235080443847878     
   2.4857873026340944E-002
  -4.6913798925937717E-003
   1.1101132659445572E-002
   0.7501307420763730     
   1.9345696020078979E-002
  -9.5943662654518143E-003
    1.674067741574868     
  -9.1667616943152801E-002
  -0.4469713511959452     
   9.2188293788620808E-006
   8.1991092727845523E-006
    3.007985448086171     
  -3.3231670070156270E-008
  -2.8755526392817799E-008
  -1.0445565207811738E-002
  -2.7710646249582069E-007
  -2.4517297454035383E-007
  -9.0398035321338828E-002
   9.2173115880003476E-006
   8.1974686487627242E-006
    3.007370528625927     
   7.2828303055581234E-006
   6.4993190585446659E-006
    2.381552184178570     
    1.779617216645746     
   4.4190679703277755E-003
  -6.0832557666501552E-003
  -7.8190035728434948E-002
  -3.4396008696786664E-002
    3.741104017401714     
   0.1366708806641564     
  -2.8045169002227620E-004
   2.8632817655123137E-003
    2.246440843773209     
   6.9218143103655176E-004
  -3.2965467146265910E-004
   0.3758120168405482     
   1.9573636399674943E-002
   0.5200560479706561     
   9.1442355764051513E-006
   8.1015102549210063E-006
    2.974116181279607     
  -1.2283065743265744E-008
  -8.6858011784110900E-009
  -2.8750769037476136E-003
   3.2198719921862198E-008
   2.3863378022677013E-008
   9.2574411633305047E-003
   8.9695138094473492E-006
   7.9973096948305100E-006
    2.928343415807126     
   1.4136643969831930E-006
   1.2618531456466378E-006
   0.4634690360929780     
    1.794652946629754     
   3.2447405340343352E-003
  -8.3155071350713179E-002
  -0.1128886566755043     
   4.6742645690537215E-002
    3.483883523257066     
   -2.555267794839602     
  -1.5379357128900841E-003
  -1.0747520116584253E-002
    1.742406200113845     
   3.7483356426664920E-003
  -6.7038233807103413E-002
   0.4363183409379307     
  -1.2305673064845417E-002
   0.7601130934114963     
   9.0212392753024879E-006
   8.0717891612465102E-006
    2.957277143074998     
   2.8558194820219530E-007
   2.5647338110381441E-007
   9.4887681259023928E-002
   3.9363306356554876E-007
   3.5501823879999095E-007
   0.1312345699569275     
   9.3825106970547925E-006
   8.3389817797346453E-006
    3.046731223696495     
  -1.2832914768112231E-006
  -1.1353325881960088E-006
  -0.4194146886774877     
    2.862378176941054     
   3.3303232377013465E-002
   1.0776812757939016E-002
  -4.5380430893263126E-002
   -1.798975952033374     
   0.6823374662216002     
  -1.9543137100834130E-002
  -7.7238708731265691E-002
   9.0543057210778599E-002
    1.771087556222527     
   0.1050788829154305     
   1.5546391230494390E-002
    1.083659561395261     
  -6.5098868131041199E-002
    1.380299397380486     
   8.9296169197580895E-006
   7.9542346340199908E-006
    2.917775299077961     
  -1.6451885161791178E-006
  -1.4622260606517877E-006
  -0.5369230361080532     
  -1.3478355455544349E-007
  -1.1987851654864483E-007
  -4.5194894875761031E-002
   8.4594314453917470E-007
   7.5227356568990498E-007
   0.2758910061429389     
   8.9296834109844898E-006
   7.9557472798462285E-006
    2.918366273729854     
    2.188147239899525     
   2.9970226536522526E-003
  -3.0358145188264518E-003
  -0.7466997559703591     
  -9.1872077044028373E-002
    4.924776243523500     
   -4.122247907566101     
  -9.2964682426881513E-004
   5.6587394895663055E-005
    2.637711201557258     
  -3.4576554058610656E-004
  -3.2589417514848296E-003
   0.9970072142572228     
   2.3355379278375121E-003
   0.3930511471630243     
   9.2729796672815787E-006
   8.2516202151089111E-006
    3.028345496971494     
  -1.0527472016652237E-008
  -9.0683231441646157E-009
  -3.9496553930922760E-003
  -8.1457275422717306E-009
  -8.3732221001792464E-009
  -3.5136643269464995E-003
   9.2971471104297621E-006
   8.2767813594402817E-006
    3.035922855574633     
   8.0524183239652203E-006
   7.1501279329158374E-006
    2.625750909373070     
    1.894903620201950     
  -2.1579831669550633E-002
  -0.1780414468015505     
  -4.4127367427183088E-002
  -0.1766614935529508     
    1.374022143280482     
  -9.1854870897304295E-004
   2.5695623368784015E-003
   6.2030937158557444E-003
   0.8353973456702949     
   1.3833400260638906E-002
   3.8756828359423356E-002
   0.2783385803243061     
   4.3386662971377756E-002
   0.4088543073796741     
   8.7738602011494393E-006
   7.8127783690351400E-006
    2.860881370187202     
  -4.2054495837466259E-008
  -4.2042985460264699E-008
  -8.4702885772757508E-003
   3.6158159180989187E-006
   3.2205960108076437E-006
    1.179428413466432     
   7.3971731933513816E-006
   6.5843249549360028E-006
    2.355513815166485     
   1.0926439702338440E-005
   9.7110310542159581E-006
    3.528541317186569     
    1.860727059871793     
  -7.0532682622419767E-004
   4.4617839966831969E-003
  -0.1969286694066047     
  -7.0768687542158535E-002
    12.53085389804363     
   3.3786985466303925E-003
   3.5836314084861423E-005
   3.3034767791992117E-004
    2.215927132119759     
   2.6734618131797170E-003
   1.4589384166606676E-003
   0.5353291655811084     
   3.9506665614183474E-002
   0.3835439003026029     
   9.2632892655809673E-006
   8.2441529215197562E-006
    3.024946419240602     
   2.2418922377073756E-010
   4.1998436382429736E-011
  -3.9231342654901308E-005
  -4.6941317976962313E-009
  -2.3131231022475873E-009
  -1.0408800615134037E-003
   9.3869128531241870E-006
   8.3529339060199170E-006
    3.065039461603184     
   6.2098843392119187E-006
   5.5450789560397373E-006
    2.038386373067635     
    1.842800827622943     
   2.2907094169121378E-002
  -5.6579656851890903E-003
  -9.0506169871532514E-002
  -0.1423525584245223     
    2.887824105524065     
   -2.513931698101473     
   1.2060616258583143E-003
  -4.2140005818875732E-003
    2.062573889020077     
   2.0757709090756924E-002
  -5.7581686325349990E-003
   0.4770801177433924     
   3.1536768122111862E-002
   0.4543229232491774     
   9.2172037351298659E-006
   8.2158956134941956E-006
    3.011508204699683     
  -7.0947075827363442E-008
  -6.1255521668013646E-008
  -2.1299321347808622E-002
  -4.6555898663528374E-008
  -3.8574792891638063E-008
  -1.3114069840946261E-002
   5.5752162632385289E-006
   4.9701683878834624E-006
    1.824367141546092     
   9.5197882279170258E-006
   8.4586031527918983E-006
    3.090416900284902     
    1.786582233637424     
   4.1232705321128558E-004
   1.7166976432096847E-003
  -3.9483688540542158E-002
  -0.1010621405882596     
    1.419014697102953     
   0.1324591167707855     
   1.2500628966192087E-003
   4.1391939554627175E-002
    2.132923321286915     
  -9.9788201046771157E-006
   1.4235716320295600E-002
   0.2737962607741879     
   3.7440469084976331E-002
   0.6138518841618509     
   9.1316759471113720E-006
   8.1392549506762855E-006
    2.985445483135983     
  -1.2822386032995805E-007
  -1.1068916328275269E-007
  -4.0595545814857754E-002
  -3.0947968051588894E-008
  -2.6352375602976434E-008
  -9.5027235356001540E-003
   7.7380460464752137E-006
   6.8913285848294521E-006
    2.532178573778456     
   4.4042221204841292E-006
   3.9290498031901357E-006
    1.440250582918766     
    1.897418526490663     
  -6.7177778215857895E-004
  -6.0497622326827516E-003
  -1.4655349204611976E-002
  -0.3542017565838616     
    2.733024065870305     
   -1.572919603572497     
   1.1067811965374634E-003
  -3.3343565423632624E-003
    2.311228935212549     
   7.9548648223026408E-004
   1.0760398605953527E-003
   0.2305277766575701     
  -4.2818978701553334E-002
   0.7375439990794284     
   9.4334924067595054E-006
   8.3950521633475734E-006
    3.080805600965931     
   9.5819658356520048E-009
   1.3303223933837822E-008
   4.2698824591799509E-003
   1.8621215007137273E-008
   1.8373704300491037E-008
   6.2039093777495466E-003
   6.6662971048020587E-006
   5.9199129478589176E-006
    2.188625085131447     
   9.1704092895341223E-006
   8.1532838410696407E-006
    2.993406823069556     
    1.772517296281288     
   9.4488259451034793E-003
  -4.1467491917150276E-004
  -5.9153893855314870E-002
  -7.0394908175110507E-002
    2.627488975502790     
   -2.387418930699138     
   3.4592688832668643E-003
  -2.7411553468402703E-003
    1.877594955621938     
   2.5373628162831956E-002
  -2.5781170968711415E-002
   0.7215059125905548     
  -0.4465742534257423     
   0.4575955740601025     
   9.5395678119107394E-006
   8.4997929038857158E-006
    3.110890065164401     
  -4.0408830764830590E-008
  -3.4659380856778546E-008
  -1.4161528891176558E-002
  -2.6491344607260627E-008
  -3.3433311815313669E-008
  -1.1733107838409778E-002
   7.8777863359089988E-006
   6.9927236226599572E-006
    2.544153326443183     
   8.7887368558417300E-006
   7.8248728889494252E-006
    2.772786662628153     
    2.043408330396495     
   1.3701191549662610E-002
   3.1128050241299823E-002
  -0.1475504980155038     
  -1.7257995585110963E-002
   0.8924732374737106     
   4.4802621481165286E-002
  -3.5040368930926400E-003
   7.9317225447633621E-003
    1.272103845009920     
   5.0588551433699935E-003
   8.6661498899834868E-003
   0.4805968699020424     
   2.4257379275553497E-002
   0.2882673801107221     
   7.9275732808541255E-006
   7.0574418385754969E-006
    2.588326555913623     
  -9.8930329618620476E-008
  -8.3082682905649374E-008
  -3.4363113103232918E-002
  -1.7235171774598854E-007
  -1.6166864325192871E-007
  -5.6096066872703183E-002
   7.9235525612375923E-006
   7.0492993890142781E-006
    2.580360436933647     
   4.7909719188744955E-006
   4.2493072467503161E-006
    1.548283798742711     
    2.277157807965868     
  -2.7736424402074706E-003
   1.9135644260090359E-003
  -1.6170328121661093E-002
  -0.9870533012686174     
    2.048965234207815     
   6.7594783529503442E-002
  -4.5838090392142625E-004
   7.9053083368694281E-004
    1.367322804825711     
  -3.1086214155743952E-003
  -2.8468162595592435E-003
   0.2425179376319387     
  -6.9825277013469051E-002
    1.126125691340245     
   9.4353494788539809E-006
   8.3987898474415665E-006
    3.081496566615393     
   1.0258257842875089E-008
   8.0007523552831081E-009
   2.8738390856061331E-003
   8.9375238381596240E-009
   7.4648860861822346E-009
   3.3223807133795802E-003
   6.9921979745958209E-006
   6.2220083266042270E-006
    2.288197436876833     
   9.4077406243430417E-006
   8.3768787857253155E-006
    3.073088999436272     
    1.781715061150979     
   1.9949112825924313E-004
  -4.0744932279851742E-004
  -0.1269186206549123     
  -2.0625967417187034E-002
   0.9139161624426825     
   9.1447767694310969E-002
   1.9691231809589095E-003
  -5.9705451707514747E-003
    1.697617660030218     
  -5.7635342778446086E-003
   5.9301340877865227E-003
    1.740729720157343     
   -1.598589690216606     
   0.5281044911722873     
   9.3472080897685306E-006
   8.3218210859157598E-006
    3.053583731028778     
  -1.3016614479276472E-007
  -1.1549100023870131E-007
  -4.3121121418881758E-002
  -6.0670795843140031E-009
  -5.0257678496270319E-009
  -3.9534824834406317E-003
   8.1118492877562929E-006
   7.2168973567048962E-006
    2.648057973220427     
   8.0965112847521397E-006
   7.2025396346363015E-006
    2.640547508440537     
    1.805961534918972     
   9.4714082319886987E-004
   4.4611951498230242E-003
  -2.7776202410663053E-002
  -0.1767718136727245     
    1.396208211891477     
  -0.5583490152139094     
   9.9078527529074663E-004
   8.2014287851729542E-004
    1.105991951832554     
   2.1427210704703765E-003
  -5.1689876888892634E-003
   0.2524050472830388     
   1.2720693837136066E-002
   0.5452737436182916     
   9.3906500128092141E-006
   8.3589775888940956E-006
    3.066548261140746     
  -7.1093803633070589E-008
  -5.9010034250365537E-008
  -2.1614727519965462E-002
  -5.8428956046596534E-008
  -4.7010396180620049E-008
  -1.7285947437884555E-002
   6.9665971852291353E-006
   6.1954221957803766E-006
    2.279392250399945     
   8.7356922087332354E-006
   7.7688676424654659E-006
    2.851456624263190     
    1.978118648025592     
   9.1358634983313589E-003
  -1.3210137131704873E-002
  -0.1044699877351486     
  -0.3809427054356822     
    1.931498396605752     
  -0.8895145237256672     
  -5.0086412054830038E-003
  -9.5380375637502848E-003
    1.416678777137570     
   5.2842338729738163E-003
   4.6456805581194303E-003
   0.4224616265928379     
   2.8920799978400140E-002
   0.7426835167859929     
   9.2425651600145500E-006
   8.2183449333540430E-006
    3.016800678844822     
  -2.9231274277295975E-008
  -3.5764747542607744E-008
  -1.2714725221044978E-002
  -1.1206851680615182E-008
  -1.6923809940277836E-008
  -7.0907973978787275E-003
   7.5309144678522344E-006
   6.7046106058237331E-006
    2.462697372618707     
   9.3319409008705012E-006
   8.3044156945718193E-006
    3.046033878938140     
    2.424370998890157     
   1.3670922545364745E-003
   5.0191850414140884E-004
  -0.8374943894717758     
  -0.3719264396162167     
    1.484431191050930     
   4.5565162635940828E-002
  -2.8086678764529021E-005
  -5.3043448764743300E-003
   0.8669312545968230     
  -5.8478018213071703E-003
  -9.5784064733764360E-003
    1.106658120929252     
  -0.1777562264962088     
  -0.7777932346859017     
   9.2418971224207116E-006
   8.2355320779353320E-006
    3.020130998521493     
  -1.2926461397979589E-008
  -9.0626628999800829E-009
  -2.6862341192034633E-003
  -9.9616854449281487E-008
  -8.0972024851822475E-008
  -2.8565008150133453E-002
   9.1904057684437070E-006
   8.1930142335562302E-006
    3.004682681043204     
   9.2086788313532679E-006
   8.1997565497282743E-006
    3.006390724878277     
    1.749677307707764     
   2.8285600454033135E-002
   4.8537510498119190E-002
  -3.4513276062704605E-002
  -8.7268930970096132E-002
   0.9707452121735548     
   0.1042882457985518     
  -3.0945274368397775E-003
   2.2302567973645950E-002
    2.031436588952834     
  -1.6311924926008809E-003
   0.1446405939685658     
   0.2654278577487383     
   5.4972120801630400E-002
    1.352321836904200     
   9.0070850148804347E-006
   8.0106972654967308E-006
    2.936234474189564     
  -3.0105131869700283E-007
  -2.6753372392926895E-007
  -9.9135451404689441E-002
  -1.9151335340574240E-007
  -1.7095251106431091E-007
  -6.1302071550527524E-002
   8.5103499140151548E-006
   7.5598133598225878E-006
    2.767128713095289     
   9.5982945549435996E-007
   8.4110001971006145E-007
   0.3094222754324435     
    1.803826651582826     
   1.9844291191067221E-003
   6.8630132904425123E-004
  -2.0357227278961179E-002
  -0.1573812169275338     
   0.6058897409776294     
  -2.1154750080193687E-002
   5.6715883313056636E-006
   1.1926327285523899E-002
    1.870815877175001     
  -2.1747526737737690E-004
   1.4183974838702933E-003
   0.2341013773598177     
   7.6298390038009156E-003
   0.5412956018094293     
   9.4474513577035975E-006
   8.4080760105868801E-006
    3.085214581539430     
  -1.6380589283266982E-007
  -1.5588245322105201E-007
  -5.6119245924432439E-002
  -8.8588246995046394E-009
  -9.7816612431955043E-009
  -3.4880979322293366E-003
   6.6758749542481404E-006
   5.9492339636293661E-006
    2.192025791661961     
   8.2421810234995956E-006
   7.3445865805455215E-006
    2.693858219790281     
    1.907250076347753     
   5.3450407828109237E-003
   3.7268598210624941E-003
  -0.1142764291923623     
  -5.5049207903810498E-002
    1.277536507988802     
   0.1081293156100956     
   2.7426271822219919E-003
   5.9885225489811358E-003
    2.449766109706969     
  -1.1852084235508695E-003
   1.9655670532782530E-003
   0.4289499667585132     
   2.1142377220227404E-002
   0.3367224908352245     
   8.2421290878474629E-006
   7.3412062891954912E-006
    2.693074976343451     
  -1.0634774143910606E-007
  -8.8345572233559544E-008
  -3.3305946395544153E-002
  -1.3922559347266617E-008
  -1.0850713159801537E-008
  -2.9285516647240408E-003
   8.0591319564855670E-006
   7.1736374228821447E-006
    2.628114739844436     
   6.3115392051999786E-006
   5.6183654226377993E-006
    2.058834847725735     
    1.770626821437409     
  -2.8432634589132482E-004
   6.8725440937244588E-003
  -1.4370270039847080E-002
  -9.9973333398691206E-002
    1.359676558535934     
   4.0636682440761778E-002
   6.9361225380830405E-003
   8.7934584642308984E-004
   0.9142791540012585     
   1.3450445587950992E-002
  -1.7036125238668283E-004
   0.4369158053706046     
   1.4348103833455794E-003
   0.4166655072152412     
   9.1880165042114594E-006
   8.1551272988388845E-006
    2.992393465341740     
   5.3864475423958140E-008
   4.5734032032615310E-008
   1.8042713595407792E-002
  -2.8504208586190147E-008
  -3.0394537960879608E-008
  -1.0889882328937508E-002
   1.1565712458562047E-006
   1.0037765127318381E-006
   0.3699604053147471     
   8.9042075681650061E-006
   7.9148962080633876E-006
    2.900275061389102     
    1.819696304390525     
   6.7310689371090371E-004
  -1.3501199998005808E-002
  -6.9168152131738703E-002
  -0.1650544369407294     
    1.274170240812063     
   8.4560141342858550E-002
  -0.4569946666030555     
   5.4330828982439137E-005
    1.664652471736158     
   6.0280322892225904E-002
  -2.3363633063605356E-003
   0.6900226398929266     
   2.2716225190012587E-002
   0.5113747192615500     
   9.1024843390090435E-006
   8.1213635323958648E-006
    2.975856256648748     
   4.5859132349666485E-007
   4.2138792238261917E-007
   0.1511486896582056     
   2.2295285719756066E-008
   1.9210227299829201E-008
   8.2722604708356648E-003
   2.3054597995099622E-006
   2.0518437089192489E-006
   0.7557651784825515     
   9.2726665504150159E-006
   8.2496302727888526E-006
    3.019707423600629     
    1.875772191483930     
   7.5952168374219724E-004
   1.2602706752357753E-003
  -0.2665635978801552     
  -4.1487567976204476E-002
    2.150153647938296     
   5.1192305950200474E-002
  -1.7089905499844598E-004
   1.4974595180859542E-003
    1.609100145859370     
  -1.2271116033283640E-004
   2.1026468020365483E-003
   0.6408965718312011     
   5.5486349863650712E-003
   0.3283576804866761     
   9.3682465740038303E-006
   8.3367629973465984E-006
    3.059192704958562     
   1.2984912089756628E-009
   3.2367005101302926E-010
   1.3676059890582808E-004
   8.4710790757866583E-009
   5.2849084765462067E-009
   1.5801952047029793E-003
   9.4233731706177863E-006
   8.3861948334901104E-006
    3.077847325992061     
   5.9196619123860632E-006
   5.2814340064641101E-006
    1.942255136459613     
    1.879325876556101     
   2.7275081995253774E-004
   2.0213133014556033E-003
  -9.5517957135410914E-003
  -0.3328078042676712     
    1.145086669167509     
   8.3729506434795766E-002
  -1.4172481345070160E-004
  -4.5118686588205170E-003
    1.884300075924157     
   4.9023129355572390E-004
  -2.1258787452658674E-003
   0.1963773223919161     
  -2.9070553152848664E-002
   0.7148318197686766     
   9.5386502199624807E-006
   8.4854232060864927E-006
    3.114070248378664     
   2.3469344108365204E-008
   2.6651852384905617E-008
   9.6046542141122444E-003
   1.3167446402135654E-008
   1.2292523411614751E-008
   4.4885061974092757E-003
   6.6101123099572039E-006
   5.8772889005048858E-006
    2.170772036663649     
   9.4491594669623851E-006
   8.4080552940123194E-006
    3.085169011729715     
    2.085471858224622     
   3.1764675468088335E-004
  -1.8628011797346913E-003
  -0.1604511033811857     
  -0.5211740892317413     
   0.8818654131163697     
   8.4583800245982470E-002
  -2.8484241782136515E-003
  -2.1321675847819037E-003
    1.501794473463066     
  -3.3243687277325100E-004
  -3.1249802264483590E-003
    1.133304915771238     
  -0.9123221973105771     
   0.9616708058264690     
   9.2742719727749297E-006
   8.2640116835467072E-006
    3.030908331528583     
  -8.7357890620239438E-008
  -8.1212252194388341E-008
  -2.9206913333157880E-002
  -5.8779590004239779E-009
  -7.7944280622891435E-010
   6.2420747674832642E-004
   8.9553355217043578E-006
   7.9744044314645883E-006
    2.925970034356290     
   9.0316615965230529E-006
   8.0539843068538772E-006
    2.953588613016199     
    1.948392542931839     
  -8.3521038132086645E-004
  -7.9655012538062522E-004
  -0.1338575474901671     
  -0.3016055996596956     
    1.062341230001387     
   2.9332654223460718E-002
   5.9314776578087134E-003
   4.0944147613162363E-003
   0.6930942190449181     
   1.3737365125255416E-002
   1.6832847325638866E-003
   0.4805250739251431     
   1.6639674476938144E-002
   0.6731376667761806     
   9.2147799946200610E-006
   8.2016894999401906E-006
    3.009544307831630     
  -5.8508353649460236E-008
  -5.7590913934576173E-008
  -2.0703271211805778E-002
  -1.9611490323533625E-007
  -1.6795287410968163E-007
  -6.1626272358282339E-002
   7.9813730497574840E-006
   7.1064110709875772E-006
    2.608153500004190     
   9.1012497624879050E-006
   8.1088739133229364E-006
    2.974455845506686     
    1.830835569425754     
  -4.3023661553070545E-003
   7.7957208982960333E-003
  -0.1722818594122689     
  -5.3941616010381868E-002
   0.7068820643251420     
   3.8485613348672887E-002
  -5.0049635539893655E-003
   1.1411900403848796E-002
    1.065268738851814     
   5.8368883408775041E-003
  -8.1715990940616443E-004
   0.8006124410249303     
  -0.4555661148650453     
   0.5398946274748740     
   9.2792939422119645E-006
   8.2526270610118484E-006
    3.028794959575348     
  -8.3406561016533853E-008
  -7.6382538929047143E-008
  -2.6903129282886855E-002
  -7.7978688630131998E-008
  -7.0999165967855244E-008
  -2.5564543322558775E-002
   8.1655710276391034E-006
   7.2667689608239119E-006
    2.666940787966949     
   7.9118209906620169E-006
   7.0410861915042187E-006
    2.582666171507014     
    1.844868390842999     
  -6.2177109335766723E-005
  -5.2291592515506471E-003
  -5.9241921927281425E-002
  -0.1934144007229971     
   0.6922808439270421     
  -8.7827405551445104E-002
  -5.3830900298163362E-003
   1.5832969029787483E-002
    2.362080265258919     
  -7.3783145869483322E-003
   8.5065409868651365E-003
   0.6439911042282951     
  -0.4423153622281673     
   0.6191502056400999     
   9.3216018034474892E-006
   8.3098416267107993E-006
    3.049502253032665     
  -3.8798359264320377E-008
  -2.8677775371975113E-008
  -9.3217107568058815E-003
   5.8169086619309649E-009
   9.3665532199147314E-009
   3.7811396114295097E-003
   8.4208944513802901E-006
   7.4903573138723853E-006
    2.748433014938438     
   8.7353286061342388E-006
   7.7880120026544031E-006
    2.857093323629216     
    1.816071243439800     
  -2.2922219743121506E-003
  -3.7799083764613961E-003
  -7.0888060412429539E-002
  -0.1462852663581564     
   0.8786404131051258     
   4.0501532006150223E-002
  -1.0816356226162047E-003
   3.2904708173917827E-004
    1.394601020303044     
   2.5370832664585361E-004
  -4.1114849009105052E-004
   0.3698761584098037     
  -4.6378151312635865E-003
   0.4835649428367082     
   9.3448175233050694E-006
   8.3197729390003676E-006
    3.053036575513585     
   4.5889460229331451E-008
   4.1839299546694519E-008
   1.5158464296184793E-002
   2.1359090040519417E-008
   1.8780814749048037E-008
   7.2146847038135782E-003
   7.8160585070548452E-006
   6.9488739703243896E-006
    2.553247936200321     
   9.4781440591336210E-006
   8.4296750222389463E-006
    3.094865303506178     
  -1.4226982539347974E-002
   1.9763500009035583E-002
   7.2717505961204951E-003
   1.4133150640797119E-002
   8.8281707803453315E-003
   4.5553802763779832E-002
  -3.7562914692472531E-003
   6.2649411314911490E-003
  -2.9141045825247719E-002
   1.0299788619380190E-003
   2.6632651306491981E-003
   9.3734223243465689E-003
   2.3979168546013789E-002
   3.8998962421999508E-004
   1.9319326872918039E-002
   1.1353834973287320E-003
   4.6199184517326941E-003
   9.0398141021645735E-003
   2.1290329419740934E-003
   4.8256438308280183E-004
   8.5402144593531180E-002
   5.2031972227330092E-002
   2.0796944281737115E-002
  -9.7269836012843349E-004
  -6.8630544928722959E-003
   0.1065741229552572     
   6.2815005241149011E-002
   4.2047385530204942E-002
   3.4038898610912027E-002
   2.5394103720752774E-002
  -9.9630645959493904E-002
   6.0007561283362705E-003
  -0.2177483133712260     
  -1.8366478330635525E-004
   2.4887321291040183E-002
   3.7000355518576935E-003
   0.4382505520787717     
  -9.9508509467075594E-004
   2.8661581227637161E-002
   0.1049287237363877     
   1.7119062614804168E-002
  -1.6337070162485494E-003
   0.4123720396331806     
   3.7228767975824715E-003
   5.7434427994472834E-003
  -6.6110288842125726E-004
   6.1776617846548545E-004
  -8.9756535381161875E-004
  -5.4527525861524957E-003
   0.1056406430761344     
   6.4294050199490185E-002
   1.8155937576400412E-002
   5.9283290675905533E-004
   4.4590833253458415E-002
  -3.7770837425136863E-002
  -2.9489481996094607E-002
   3.1354398850865577E-004
   2.4412136376282483E-003
   8.3325959696419272E-005
   2.0974748355095620E-003
  -8.0044233657090444E-003
   3.3951264434138255E-004
   6.2419671077583097E-004
  -2.9289840296263318E-002
   1.6841114280251723E-003
   4.5679824985423343E-003
  -5.6906370252685123E-002
   3.0067624320358375E-002
   9.1655727312928637E-003
  -1.3702750476083592E-002
  -1.0776850055115181E-002
   4.0838866364728581E-002
   3.5636485133683222E-003
   1.4510199095200900E-003
   1.3992909031784189E-002
  -0.3348314444415086     
   5.3073185869067476E-003
  -1.8998323895584866E-002
  -7.2281410578619631E-004
  -2.2127136941441359E-003
   0.2192683819887761     
   1.8049219599130883E-003
   4.4121953656041670E-003
  -3.3864262080298331E-003
   3.1922780071363315E-003
   2.2976514996863679E-003
   9.3817842910900424E-003
  -1.4916371809476683E-002
   3.1866105351358449E-002
   0.4253357575604285     
  -8.6930958963455875E-003
   2.1562603977819972E-003
   1.3113791831794774E-002
   4.5999869989862026E-002
  -5.2336164319112051E-003
   1.3569102753740103E-002
   1.8993062299612797E-002
  -3.8999255188421547E-003
   5.1153544436513165E-002
   3.2677303338680810E-003
   1.9220214861462805E-002
   1.6646186606872342E-002
  -4.6267391320717985E-003
  -6.0324325841231463E-003
   8.8376138759803080E-004
  -7.6859362380288108E-004
  -2.8250687097211165E-002
  -8.5002222850930966E-002
   1.1718498061867344E-002
  -2.4557970310056101E-002
   7.4675997764239455E-003
   8.2111672764533665E-003
   2.7774532787687889E-002
   2.6653655251872790E-003
  -1.0132552030613300E-003
   2.6627015193207253E-003
   4.9310838849278333E-002
   2.3778831831001850E-003
   5.6344035133562400E-003
  -1.3086078949954041E-003
   4.0130066797771633E-003
   2.1452819854898619E-003
  -3.9934429256892944E-003
   2.6693250456042157E-002
  -7.4615826429326617E-003
   1.2600459226930787E-003
  -1.4156328847476791E-002
   2.7192948411122013E-002
  -2.7311834675371855E-003
  -2.3052559326589246E-002
  -9.4184998183983737E-003
   1.2118104918611436E-002
   1.1519731961252346E-002
   3.7674245416512848E-002
  -3.4243706534173626E-002
   0.3646136322515183     
  -1.1347218726038726E-002
   5.7596210358037450E-002
   3.9305030448275385E-002
  -8.1506432825969188E-003
   2.9683023958191285E-002
  -1.1967329374124618E-002
  -1.1600731481729216E-002
   9.8538708385153200E-002





16
8
-16
8
8
-16
8
16
16
16
-8
-8
-8
-8
-8
-8
-8
-8
-16
8
8
8
8
-16
   
1.0  0.0  0.0  0.0  0.0
0.0  1.0  0.0  0.0  0.0
0.0  0.0  1.0  0.0  0.0
0.0  0.0  0.0  1.0  0.0
0.0  0.0  0.0  0.0  1.0  
    
1.0  0.0  0.0  0.0  0.0
0.0  0.0  1.0  0.0  0.0
0.0  1.0  0.0  0.0  0.0
0.0  0.0  0.0  1.0  0.0
0.0  0.0  0.0  0.0  1.0
   
1.0  0.0  0.0  0.0  0.0
0.0  0.0  0.0  1.0  0.0
0.0  0.0  1.0  0.0  0.0
0.0  1.0  0.0  0.0  0.0
0.0  0.0  0.0  0.0  1.0
   
1.0  0.0  0.0  0.0  0.0
0.0  0.0  0.0  0.0  1.0
0.0  0.0  1.0  0.0  0.0
0.0  0.0  0.0  1.0  0.0
0.0  1.0  0.0  0.0  0.0    
   
1.0  0.0  0.0  0.0  0.0
0.0  1.0  0.0  0.0  0.0
0.0  0.0  0.0  1.0  0.0
0.0  0.0  1.0  0.0  0.0
0.0  0.0  0.0  0.0  1.0
    
1.0  0.0  0.0  0.0  0.0
0.0  1.0  0.0  0.0  0.0
0.0  0.0  0.0  0.0  1.0
0.0  0.0  0.0  1.0  0.0
0.0  0.0  1.0  0.0  0.0
   
1.0  0.0  0.0  0.0  0.0
0.0  1.0  0.0  0.0  0.0
0.0  0.0  1.0  0.0  0.0
0.0  0.0  0.0  0.0  1.0
0.0  0.0  0.0  1.0  0.0
    
1.0  0.0  0.0  0.0  0.0
0.0  0.0  1.0  0.0  0.0
0.0  1.0  0.0  0.0  0.0
0.0  0.0  0.0  0.0  1.0
0.0  0.0  0.0  1.0  0.0
    
1.0  0.0  0.0  0.0  0.0
0.0  0.0  0.0  1.0  0.0
0.0  0.0  0.0  0.0  1.0
0.0  1.0  0.0  0.0  0.0
0.0  0.0  1.0  0.0  0.0
   
1.0  0.0  0.0  0.0  0.0
0.0  0.0  0.0  0.0  1.0
0.0  0.0  0.0  1.0  0.0
0.0  0.0  1.0  0.0  0.0
0.0  1.0  0.0  0.0  0.0                      
  
1.0  0.0  0.0  0.0  0.0    
0.0  0.0  1.0  0.0  0.0
0.0  0.0  0.0  1.0  0.0
0.0  1.0  0.0  0.0  0.0
0.0  0.0  0.0  0.0  1.0
   
1.0  0.0  0.0  0.0  0.0
0.0  0.0  0.0  1.0  0.0
0.0  1.0  0.0  0.0  0.0
0.0  0.0  1.0  0.0  0.0
0.0  0.0  0.0  0.0  1.0
   
1.0  0.0  0.0  0.0  0.0
0.0  0.0  1.0  0.0  0.0
0.0  0.0  0.0  0.0  1.0
0.0  0.0  0.0  1.0  0.0
0.0  1.0  0.0  0.0  0.0
   
1.0  0.0  0.0  0.0  0.0
0.0  0.0  0.0  0.0  1.0
0.0  1.0  0.0  0.0  0.0
0.0  0.0  0.0  1.0  0.0
0.0  0.0  1.0  0.0  0.0
   
1.0  0.0  0.0  0.0  0.0
0.0  0.0  0.0  1.0  0.0
0.0  0.0  1.0  0.0  0.0
0.0  0.0  0.0  0.0  1.0
0.0  1.0  0.0  0.0  0.0
   
1.0  0.0  0.0  0.0  0.0
0.0  0.0  0.0  0.0  1.0
0.0  0.0  1.0  0.0  0.0
0.0  1.0  0.0  0.0  0.0
0.0  0.0  0.0  1.0  0.0
    
1.0  0.0  0.0  0.0  0.0
0.0  1.0  0.0  0.0  0.0
0.0  0.0  0.0  1.0  0.0
0.0  0.0  0.0  0.0  1.0
0.0  0.0  1.0  0.0  0.0
    
1.0  0.0  0.0  0.0  0.0
0.0  1.0  0.0  0.0  0.0
0.0  0.0  0.0  0.0  1.0
0.0  0.0  1.0  0.0  0.0
0.0  0.0  0.0  1.0  0.0
    
1.0  0.0  0.0  0.0  0.0
0.0  0.0  1.0  0.0  0.0
0.0  0.0  0.0  1.0  0.0
0.0  0.0  0.0  0.0  1.0
0.0  1.0  0.0  0.0  0.0
    
1.0  0.0  0.0  0.0  0.0
0.0  0.0  1.0  0.0  0.0
0.0  0.0  0.0  0.0  1.0
0.0  1.0  0.0  0.0  0.0
0.0  0.0  0.0  1.0  0.0
   
1.0  0.0  0.0  0.0  0.0
0.0  0.0  0.0  1.0  0.0
0.0  0.0  0.0  0.0  1.0
0.0  0.0  1.0  0.0  0.0
0.0  1.0  0.0  0.0  0.0
   
1.0  0.0  0.0  0.0  0.0
0.0  0.0  0.0  1.0  0.0
0.0  1.0  0.0  0.0  0.0
0.0  0.0  0.0  0.0  1.0
0.0  0.0  1.0  0.0  0.0
   
1.0  0.0  0.0  0.0  0.0
0.0  0.0  0.0  0.0  1.0
0.0  0.0  0.0  1.0  0.0
0.0  1.0  0.0  0.0  0.0
0.0  0.0  1.0  0.0  0.0
   
1.0  0.0  0.0  0.0  0.0
0.0  0.0  0.0  0.0  1.0
0.0  1.0  0.0  0.0  0.0
0.0  0.0  1.0  0.0  0.0
0.0  0.0  0.0  1.0  0.0 

1.0 0.0 0.0 0.0 0.0 0.0 0.0 0.0 0.0 0.0 0.0 0.0 0.0 0.0 0.0
0.0 1.0 0.0 0.0 0.0 0.0 0.0 0.0 0.0 0.0 0.0 0.0 0.0 0.0 0.0
0.0 0.0 1.0 0.0 0.0 0.0 0.0 0.0 0.0 0.0 0.0 0.0 0.0 0.0 0.0
0.0 0.0 0.0 1.0 0.0 0.0 0.0 0.0 0.0 0.0 0.0 0.0 0.0 0.0 0.0
0.0 0.0 0.0 0.0 1.0 0.0 0.0 0.0 0.0 0.0 0.0 0.0 0.0 0.0 0.0
0.0 0.0 0.0 0.0 0.0 1.0 0.0 0.0 0.0 0.0 0.0 0.0 0.0 0.0 0.0
0.0 0.0 0.0 0.0 0.0 0.0 1.0 0.0 0.0 0.0 0.0 0.0 0.0 0.0 0.0
0.0 0.0 0.0 0.0 0.0 0.0 0.0 1.0 0.0 0.0 0.0 0.0 0.0 0.0 0.0
0.0 0.0 0.0 0.0 0.0 0.0 0.0 0.0 1.0 0.0 0.0 0.0 0.0 0.0 0.0
0.0 0.0 0.0 0.0 0.0 0.0 0.0 0.0 0.0 1.0 0.0 0.0 0.0 0.0 0.0
0.0 0.0 0.0 0.0 0.0 0.0 0.0 0.0 0.0 0.0 1.0 0.0 0.0 0.0 0.0
0.0 0.0 0.0 0.0 0.0 0.0 0.0 0.0 0.0 0.0 0.0 1.0 0.0 0.0 0.0
0.0 0.0 0.0 0.0 0.0 0.0 0.0 0.0 0.0 0.0 0.0 0.0 1.0 0.0 0.0
0.0 0.0 0.0 0.0 0.0 0.0 0.0 0.0 0.0 0.0 0.0 0.0 0.0 1.0 0.0
0.0 0.0 0.0 0.0 0.0 0.0 0.0 0.0 0.0 0.0 0.0 0.0 0.0 0.0 1.0

1.0 0.0 0.0 0.0 0.0 0.0 0.0 0.0 0.0 0.0 0.0 0.0 0.0 0.0 0.0
0.0 1.0 0.0 0.0 0.0 0.0 0.0 0.0 0.0 0.0 0.0 0.0 0.0 0.0 0.0
0.0 0.0 1.0 0.0 0.0 0.0 0.0 0.0 0.0 0.0 0.0 0.0 0.0 0.0 0.0
0.0 0.0 0.0 0.0 0.0 0.0 1.0 0.0 0.0 0.0 0.0 0.0 0.0 0.0 0.0
0.0 0.0 0.0 0.0 0.0 0.0 0.0 1.0 0.0 0.0 0.0 0.0 0.0 0.0 0.0
0.0 0.0 0.0 0.0 0.0 0.0 0.0 0.0 1.0 0.0 0.0 0.0 0.0 0.0 0.0
0.0 0.0 0.0 1.0 0.0 0.0 0.0 0.0 0.0 0.0 0.0 0.0 0.0 0.0 0.0
0.0 0.0 0.0 0.0 1.0 0.0 0.0 0.0 0.0 0.0 0.0 0.0 0.0 0.0 0.0
0.0 0.0 0.0 0.0 0.0 1.0 0.0 0.0 0.0 0.0 0.0 0.0 0.0 0.0 0.0
0.0 0.0 0.0 0.0 0.0 0.0 0.0 0.0 0.0 1.0 0.0 0.0 0.0 0.0 0.0
0.0 0.0 0.0 0.0 0.0 0.0 0.0 0.0 0.0 0.0 1.0 0.0 0.0 0.0 0.0
0.0 0.0 0.0 0.0 0.0 0.0 0.0 0.0 0.0 0.0 0.0 1.0 0.0 0.0 0.0
0.0 0.0 0.0 0.0 0.0 0.0 0.0 0.0 0.0 0.0 0.0 0.0 1.0 0.0 0.0
0.0 0.0 0.0 0.0 0.0 0.0 0.0 0.0 0.0 0.0 0.0 0.0 0.0 1.0 0.0
0.0 0.0 0.0 0.0 0.0 0.0 0.0 0.0 0.0 0.0 0.0 0.0 0.0 0.0 1.0

1.0 0.0 0.0 0.0 0.0 0.0 0.0 0.0 0.0 0.0 0.0 0.0 0.0 0.0 0.0
0.0 1.0 0.0 0.0 0.0 0.0 0.0 0.0 0.0 0.0 0.0 0.0 0.0 0.0 0.0
0.0 0.0 1.0 0.0 0.0 0.0 0.0 0.0 0.0 0.0 0.0 0.0 0.0 0.0 0.0
0.0 0.0 0.0 0.0 0.0 0.0 0.0 0.0 0.0 1.0 0.0 0.0 0.0 0.0 0.0
0.0 0.0 0.0 0.0 0.0 0.0 0.0 0.0 0.0 0.0 1.0 0.0 0.0 0.0 0.0
0.0 0.0 0.0 0.0 0.0 0.0 0.0 0.0 0.0 0.0 0.0 1.0 0.0 0.0 0.0
0.0 0.0 0.0 0.0 0.0 0.0 1.0 0.0 0.0 0.0 0.0 0.0 0.0 0.0 0.0
0.0 0.0 0.0 0.0 0.0 0.0 0.0 1.0 0.0 0.0 0.0 0.0 0.0 0.0 0.0
0.0 0.0 0.0 0.0 0.0 0.0 0.0 0.0 1.0 0.0 0.0 0.0 0.0 0.0 0.0
0.0 0.0 0.0 1.0 0.0 0.0 0.0 0.0 0.0 0.0 0.0 0.0 0.0 0.0 0.0
0.0 0.0 0.0 0.0 1.0 0.0 0.0 0.0 0.0 0.0 0.0 0.0 0.0 0.0 0.0
0.0 0.0 0.0 0.0 0.0 1.0 0.0 0.0 0.0 0.0 0.0 0.0 0.0 0.0 0.0
0.0 0.0 0.0 0.0 0.0 0.0 0.0 0.0 0.0 0.0 0.0 0.0 1.0 0.0 0.0
0.0 0.0 0.0 0.0 0.0 0.0 0.0 0.0 0.0 0.0 0.0 0.0 0.0 1.0 0.0
0.0 0.0 0.0 0.0 0.0 0.0 0.0 0.0 0.0 0.0 0.0 0.0 0.0 0.0 1.0

1.0 0.0 0.0 0.0 0.0 0.0 0.0 0.0 0.0 0.0 0.0 0.0 0.0 0.0 0.0
0.0 1.0 0.0 0.0 0.0 0.0 0.0 0.0 0.0 0.0 0.0 0.0 0.0 0.0 0.0
0.0 0.0 1.0 0.0 0.0 0.0 0.0 0.0 0.0 0.0 0.0 0.0 0.0 0.0 0.0
0.0 0.0 0.0 0.0 0.0 0.0 0.0 0.0 0.0 0.0 0.0 0.0 1.0 0.0 0.0
0.0 0.0 0.0 0.0 0.0 0.0 0.0 0.0 0.0 0.0 0.0 0.0 0.0 1.0 0.0
0.0 0.0 0.0 0.0 0.0 0.0 0.0 0.0 0.0 0.0 0.0 0.0 0.0 0.0 1.0
0.0 0.0 0.0 0.0 0.0 0.0 1.0 0.0 0.0 0.0 0.0 0.0 0.0 0.0 0.0
0.0 0.0 0.0 0.0 0.0 0.0 0.0 1.0 0.0 0.0 0.0 0.0 0.0 0.0 0.0
0.0 0.0 0.0 0.0 0.0 0.0 0.0 0.0 1.0 0.0 0.0 0.0 0.0 0.0 0.0
0.0 0.0 0.0 0.0 0.0 0.0 0.0 0.0 0.0 1.0 0.0 0.0 0.0 0.0 0.0
0.0 0.0 0.0 0.0 0.0 0.0 0.0 0.0 0.0 0.0 1.0 0.0 0.0 0.0 0.0
0.0 0.0 0.0 0.0 0.0 0.0 0.0 0.0 0.0 0.0 0.0 1.0 0.0 0.0 0.0
0.0 0.0 0.0 1.0 0.0 0.0 0.0 0.0 0.0 0.0 0.0 0.0 0.0 0.0 0.0
0.0 0.0 0.0 0.0 1.0 0.0 0.0 0.0 0.0 0.0 0.0 0.0 0.0 0.0 0.0
0.0 0.0 0.0 0.0 0.0 1.0 0.0 0.0 0.0 0.0 0.0 0.0 0.0 0.0 0.0

1.0 0.0 0.0 0.0 0.0 0.0 0.0 0.0 0.0 0.0 0.0 0.0 0.0 0.0 0.0
0.0 1.0 0.0 0.0 0.0 0.0 0.0 0.0 0.0 0.0 0.0 0.0 0.0 0.0 0.0
0.0 0.0 1.0 0.0 0.0 0.0 0.0 0.0 0.0 0.0 0.0 0.0 0.0 0.0 0.0
0.0 0.0 0.0 1.0 0.0 0.0 0.0 0.0 0.0 0.0 0.0 0.0 0.0 0.0 0.0
0.0 0.0 0.0 0.0 1.0 0.0 0.0 0.0 0.0 0.0 0.0 0.0 0.0 0.0 0.0
0.0 0.0 0.0 0.0 0.0 1.0 0.0 0.0 0.0 0.0 0.0 0.0 0.0 0.0 0.0
0.0 0.0 0.0 0.0 0.0 0.0 0.0 0.0 0.0 1.0 0.0 0.0 0.0 0.0 0.0
0.0 0.0 0.0 0.0 0.0 0.0 0.0 0.0 0.0 0.0 1.0 0.0 0.0 0.0 0.0
0.0 0.0 0.0 0.0 0.0 0.0 0.0 0.0 0.0 0.0 0.0 1.0 0.0 0.0 0.0
0.0 0.0 0.0 0.0 0.0 0.0 1.0 0.0 0.0 0.0 0.0 0.0 0.0 0.0 0.0
0.0 0.0 0.0 0.0 0.0 0.0 0.0 1.0 0.0 0.0 0.0 0.0 0.0 0.0 0.0
0.0 0.0 0.0 0.0 0.0 0.0 0.0 0.0 1.0 0.0 0.0 0.0 0.0 0.0 0.0
0.0 0.0 0.0 0.0 0.0 0.0 0.0 0.0 0.0 0.0 0.0 0.0 1.0 0.0 0.0
0.0 0.0 0.0 0.0 0.0 0.0 0.0 0.0 0.0 0.0 0.0 0.0 0.0 1.0 0.0
0.0 0.0 0.0 0.0 0.0 0.0 0.0 0.0 0.0 0.0 0.0 0.0 0.0 0.0 1.0

1.0 0.0 0.0 0.0 0.0 0.0 0.0 0.0 0.0 0.0 0.0 0.0 0.0 0.0 0.0
0.0 1.0 0.0 0.0 0.0 0.0 0.0 0.0 0.0 0.0 0.0 0.0 0.0 0.0 0.0
0.0 0.0 1.0 0.0 0.0 0.0 0.0 0.0 0.0 0.0 0.0 0.0 0.0 0.0 0.0
0.0 0.0 0.0 1.0 0.0 0.0 0.0 0.0 0.0 0.0 0.0 0.0 0.0 0.0 0.0
0.0 0.0 0.0 0.0 1.0 0.0 0.0 0.0 0.0 0.0 0.0 0.0 0.0 0.0 0.0
0.0 0.0 0.0 0.0 0.0 1.0 0.0 0.0 0.0 0.0 0.0 0.0 0.0 0.0 0.0
0.0 0.0 0.0 0.0 0.0 0.0 0.0 0.0 0.0 0.0 0.0 0.0 1.0 0.0 0.0
0.0 0.0 0.0 0.0 0.0 0.0 0.0 0.0 0.0 0.0 0.0 0.0 0.0 1.0 0.0
0.0 0.0 0.0 0.0 0.0 0.0 0.0 0.0 0.0 0.0 0.0 0.0 0.0 0.0 1.0
0.0 0.0 0.0 0.0 0.0 0.0 0.0 0.0 0.0 1.0 0.0 0.0 0.0 0.0 0.0
0.0 0.0 0.0 0.0 0.0 0.0 0.0 0.0 0.0 0.0 1.0 0.0 0.0 0.0 0.0
0.0 0.0 0.0 0.0 0.0 0.0 0.0 0.0 0.0 0.0 0.0 1.0 0.0 0.0 0.0
0.0 0.0 0.0 0.0 0.0 0.0 1.0 0.0 0.0 0.0 0.0 0.0 0.0 0.0 0.0
0.0 0.0 0.0 0.0 0.0 0.0 0.0 1.0 0.0 0.0 0.0 0.0 0.0 0.0 0.0
0.0 0.0 0.0 0.0 0.0 0.0 0.0 0.0 1.0 0.0 0.0 0.0 0.0 0.0 0.0

1.0 0.0 0.0 0.0 0.0 0.0 0.0 0.0 0.0 0.0 0.0 0.0 0.0 0.0 0.0
0.0 1.0 0.0 0.0 0.0 0.0 0.0 0.0 0.0 0.0 0.0 0.0 0.0 0.0 0.0
0.0 0.0 1.0 0.0 0.0 0.0 0.0 0.0 0.0 0.0 0.0 0.0 0.0 0.0 0.0
0.0 0.0 0.0 1.0 0.0 0.0 0.0 0.0 0.0 0.0 0.0 0.0 0.0 0.0 0.0
0.0 0.0 0.0 0.0 1.0 0.0 0.0 0.0 0.0 0.0 0.0 0.0 0.0 0.0 0.0
0.0 0.0 0.0 0.0 0.0 1.0 0.0 0.0 0.0 0.0 0.0 0.0 0.0 0.0 0.0
0.0 0.0 0.0 0.0 0.0 0.0 1.0 0.0 0.0 0.0 0.0 0.0 0.0 0.0 0.0
0.0 0.0 0.0 0.0 0.0 0.0 0.0 1.0 0.0 0.0 0.0 0.0 0.0 0.0 0.0
0.0 0.0 0.0 0.0 0.0 0.0 0.0 0.0 1.0 0.0 0.0 0.0 0.0 0.0 0.0
0.0 0.0 0.0 0.0 0.0 0.0 0.0 0.0 0.0 0.0 0.0 0.0 1.0 0.0 0.0
0.0 0.0 0.0 0.0 0.0 0.0 0.0 0.0 0.0 0.0 0.0 0.0 0.0 1.0 0.0
0.0 0.0 0.0 0.0 0.0 0.0 0.0 0.0 0.0 0.0 0.0 0.0 0.0 0.0 1.0
0.0 0.0 0.0 0.0 0.0 0.0 0.0 0.0 0.0 1.0 0.0 0.0 0.0 0.0 0.0
0.0 0.0 0.0 0.0 0.0 0.0 0.0 0.0 0.0 0.0 1.0 0.0 0.0 0.0 0.0
0.0 0.0 0.0 0.0 0.0 0.0 0.0 0.0 0.0 0.0 0.0 1.0 0.0 0.0 0.0

1.0 0.0 0.0 0.0 0.0 0.0 0.0 0.0 0.0 0.0 0.0 0.0 0.0 0.0 0.0
0.0 1.0 0.0 0.0 0.0 0.0 0.0 0.0 0.0 0.0 0.0 0.0 0.0 0.0 0.0
0.0 0.0 1.0 0.0 0.0 0.0 0.0 0.0 0.0 0.0 0.0 0.0 0.0 0.0 0.0
0.0 0.0 0.0 0.0 0.0 0.0 1.0 0.0 0.0 0.0 0.0 0.0 0.0 0.0 0.0
0.0 0.0 0.0 0.0 0.0 0.0 0.0 1.0 0.0 0.0 0.0 0.0 0.0 0.0 0.0
0.0 0.0 0.0 0.0 0.0 0.0 0.0 0.0 1.0 0.0 0.0 0.0 0.0 0.0 0.0
0.0 0.0 0.0 1.0 0.0 0.0 0.0 0.0 0.0 0.0 0.0 0.0 0.0 0.0 0.0
0.0 0.0 0.0 0.0 1.0 0.0 0.0 0.0 0.0 0.0 0.0 0.0 0.0 0.0 0.0
0.0 0.0 0.0 0.0 0.0 1.0 0.0 0.0 0.0 0.0 0.0 0.0 0.0 0.0 0.0
0.0 0.0 0.0 0.0 0.0 0.0 0.0 0.0 0.0 0.0 0.0 0.0 1.0 0.0 0.0
0.0 0.0 0.0 0.0 0.0 0.0 0.0 0.0 0.0 0.0 0.0 0.0 0.0 1.0 0.0
0.0 0.0 0.0 0.0 0.0 0.0 0.0 0.0 0.0 0.0 0.0 0.0 0.0 0.0 1.0
0.0 0.0 0.0 0.0 0.0 0.0 0.0 0.0 0.0 1.0 0.0 0.0 0.0 0.0 0.0
0.0 0.0 0.0 0.0 0.0 0.0 0.0 0.0 0.0 0.0 1.0 0.0 0.0 0.0 0.0
0.0 0.0 0.0 0.0 0.0 0.0 0.0 0.0 0.0 0.0 0.0 1.0 0.0 0.0 0.0

1.0 0.0 0.0 0.0 0.0 0.0 0.0 0.0 0.0 0.0 0.0 0.0 0.0 0.0 0.0
0.0 1.0 0.0 0.0 0.0 0.0 0.0 0.0 0.0 0.0 0.0 0.0 0.0 0.0 0.0
0.0 0.0 1.0 0.0 0.0 0.0 0.0 0.0 0.0 0.0 0.0 0.0 0.0 0.0 0.0
0.0 0.0 0.0 0.0 0.0 0.0 0.0 0.0 0.0 1.0 0.0 0.0 0.0 0.0 0.0
0.0 0.0 0.0 0.0 0.0 0.0 0.0 0.0 0.0 0.0 1.0 0.0 0.0 0.0 0.0
0.0 0.0 0.0 0.0 0.0 0.0 0.0 0.0 0.0 0.0 0.0 1.0 0.0 0.0 0.0
0.0 0.0 0.0 0.0 0.0 0.0 0.0 0.0 0.0 0.0 0.0 0.0 1.0 0.0 0.0
0.0 0.0 0.0 0.0 0.0 0.0 0.0 0.0 0.0 0.0 0.0 0.0 0.0 1.0 0.0
0.0 0.0 0.0 0.0 0.0 0.0 0.0 0.0 0.0 0.0 0.0 0.0 0.0 0.0 1.0
0.0 0.0 0.0 1.0 0.0 0.0 0.0 0.0 0.0 0.0 0.0 0.0 0.0 0.0 0.0
0.0 0.0 0.0 0.0 1.0 0.0 0.0 0.0 0.0 0.0 0.0 0.0 0.0 0.0 0.0
0.0 0.0 0.0 0.0 0.0 1.0 0.0 0.0 0.0 0.0 0.0 0.0 0.0 0.0 0.0
0.0 0.0 0.0 0.0 0.0 0.0 1.0 0.0 0.0 0.0 0.0 0.0 0.0 0.0 0.0
0.0 0.0 0.0 0.0 0.0 0.0 0.0 1.0 0.0 0.0 0.0 0.0 0.0 0.0 0.0
0.0 0.0 0.0 0.0 0.0 0.0 0.0 0.0 1.0 0.0 0.0 0.0 0.0 0.0 0.0

1.0 0.0 0.0 0.0 0.0 0.0 0.0 0.0 0.0 0.0 0.0 0.0 0.0 0.0 0.0
0.0 1.0 0.0 0.0 0.0 0.0 0.0 0.0 0.0 0.0 0.0 0.0 0.0 0.0 0.0
0.0 0.0 1.0 0.0 0.0 0.0 0.0 0.0 0.0 0.0 0.0 0.0 0.0 0.0 0.0
0.0 0.0 0.0 0.0 0.0 0.0 0.0 0.0 0.0 0.0 0.0 0.0 1.0 0.0 0.0
0.0 0.0 0.0 0.0 0.0 0.0 0.0 0.0 0.0 0.0 0.0 0.0 0.0 1.0 0.0
0.0 0.0 0.0 0.0 0.0 0.0 0.0 0.0 0.0 0.0 0.0 0.0 0.0 0.0 1.0
0.0 0.0 0.0 0.0 0.0 0.0 0.0 0.0 0.0 1.0 0.0 0.0 0.0 0.0 0.0
0.0 0.0 0.0 0.0 0.0 0.0 0.0 0.0 0.0 0.0 1.0 0.0 0.0 0.0 0.0
0.0 0.0 0.0 0.0 0.0 0.0 0.0 0.0 0.0 0.0 0.0 1.0 0.0 0.0 0.0
0.0 0.0 0.0 0.0 0.0 0.0 1.0 0.0 0.0 0.0 0.0 0.0 0.0 0.0 0.0
0.0 0.0 0.0 0.0 0.0 0.0 0.0 1.0 0.0 0.0 0.0 0.0 0.0 0.0 0.0
0.0 0.0 0.0 0.0 0.0 0.0 0.0 0.0 1.0 0.0 0.0 0.0 0.0 0.0 0.0
0.0 0.0 0.0 1.0 0.0 0.0 0.0 0.0 0.0 0.0 0.0 0.0 0.0 0.0 0.0
0.0 0.0 0.0 0.0 1.0 0.0 0.0 0.0 0.0 0.0 0.0 0.0 0.0 0.0 0.0
0.0 0.0 0.0 0.0 0.0 1.0 0.0 0.0 0.0 0.0 0.0 0.0 0.0 0.0 0.0

1.0 0.0 0.0 0.0 0.0 0.0 0.0 0.0 0.0 0.0 0.0 0.0 0.0 0.0 0.0
0.0 1.0 0.0 0.0 0.0 0.0 0.0 0.0 0.0 0.0 0.0 0.0 0.0 0.0 0.0
0.0 0.0 1.0 0.0 0.0 0.0 0.0 0.0 0.0 0.0 0.0 0.0 0.0 0.0 0.0
0.0 0.0 0.0 0.0 0.0 0.0 0.0 0.0 0.0 1.0 0.0 0.0 0.0 0.0 0.0
0.0 0.0 0.0 0.0 0.0 0.0 0.0 0.0 0.0 0.0 1.0 0.0 0.0 0.0 0.0
0.0 0.0 0.0 0.0 0.0 0.0 0.0 0.0 0.0 0.0 0.0 1.0 0.0 0.0 0.0
0.0 0.0 0.0 1.0 0.0 0.0 0.0 0.0 0.0 0.0 0.0 0.0 0.0 0.0 0.0
0.0 0.0 0.0 0.0 1.0 0.0 0.0 0.0 0.0 0.0 0.0 0.0 0.0 0.0 0.0
0.0 0.0 0.0 0.0 0.0 1.0 0.0 0.0 0.0 0.0 0.0 0.0 0.0 0.0 0.0
0.0 0.0 0.0 0.0 0.0 0.0 1.0 0.0 0.0 0.0 0.0 0.0 0.0 0.0 0.0
0.0 0.0 0.0 0.0 0.0 0.0 0.0 1.0 0.0 0.0 0.0 0.0 0.0 0.0 0.0
0.0 0.0 0.0 0.0 0.0 0.0 0.0 0.0 1.0 0.0 0.0 0.0 0.0 0.0 0.0
0.0 0.0 0.0 0.0 0.0 0.0 0.0 0.0 0.0 0.0 0.0 0.0 1.0 0.0 0.0
0.0 0.0 0.0 0.0 0.0 0.0 0.0 0.0 0.0 0.0 0.0 0.0 0.0 1.0 0.0
0.0 0.0 0.0 0.0 0.0 0.0 0.0 0.0 0.0 0.0 0.0 0.0 0.0 0.0 1.0

1.0 0.0 0.0 0.0 0.0 0.0 0.0 0.0 0.0 0.0 0.0 0.0 0.0 0.0 0.0
0.0 1.0 0.0 0.0 0.0 0.0 0.0 0.0 0.0 0.0 0.0 0.0 0.0 0.0 0.0
0.0 0.0 1.0 0.0 0.0 0.0 0.0 0.0 0.0 0.0 0.0 0.0 0.0 0.0 0.0
0.0 0.0 0.0 0.0 0.0 0.0 1.0 0.0 0.0 0.0 0.0 0.0 0.0 0.0 0.0
0.0 0.0 0.0 0.0 0.0 0.0 0.0 1.0 0.0 0.0 0.0 0.0 0.0 0.0 0.0
0.0 0.0 0.0 0.0 0.0 0.0 0.0 0.0 1.0 0.0 0.0 0.0 0.0 0.0 0.0
0.0 0.0 0.0 0.0 0.0 0.0 0.0 0.0 0.0 1.0 0.0 0.0 0.0 0.0 0.0
0.0 0.0 0.0 0.0 0.0 0.0 0.0 0.0 0.0 0.0 1.0 0.0 0.0 0.0 0.0
0.0 0.0 0.0 0.0 0.0 0.0 0.0 0.0 0.0 0.0 0.0 1.0 0.0 0.0 0.0
0.0 0.0 0.0 1.0 0.0 0.0 0.0 0.0 0.0 0.0 0.0 0.0 0.0 0.0 0.0
0.0 0.0 0.0 0.0 1.0 0.0 0.0 0.0 0.0 0.0 0.0 0.0 0.0 0.0 0.0
0.0 0.0 0.0 0.0 0.0 1.0 0.0 0.0 0.0 0.0 0.0 0.0 0.0 0.0 0.0
0.0 0.0 0.0 0.0 0.0 0.0 0.0 0.0 0.0 0.0 0.0 0.0 1.0 0.0 0.0
0.0 0.0 0.0 0.0 0.0 0.0 0.0 0.0 0.0 0.0 0.0 0.0 0.0 1.0 0.0
0.0 0.0 0.0 0.0 0.0 0.0 0.0 0.0 0.0 0.0 0.0 0.0 0.0 0.0 1.0

1.0 0.0 0.0 0.0 0.0 0.0 0.0 0.0 0.0 0.0 0.0 0.0 0.0 0.0 0.0
0.0 1.0 0.0 0.0 0.0 0.0 0.0 0.0 0.0 0.0 0.0 0.0 0.0 0.0 0.0
0.0 0.0 1.0 0.0 0.0 0.0 0.0 0.0 0.0 0.0 0.0 0.0 0.0 0.0 0.0
0.0 0.0 0.0 0.0 0.0 0.0 0.0 0.0 0.0 0.0 0.0 0.0 1.0 0.0 0.0
0.0 0.0 0.0 0.0 0.0 0.0 0.0 0.0 0.0 0.0 0.0 0.0 0.0 1.0 0.0
0.0 0.0 0.0 0.0 0.0 0.0 0.0 0.0 0.0 0.0 0.0 0.0 0.0 0.0 1.0
0.0 0.0 0.0 1.0 0.0 0.0 0.0 0.0 0.0 0.0 0.0 0.0 0.0 0.0 0.0
0.0 0.0 0.0 0.0 1.0 0.0 0.0 0.0 0.0 0.0 0.0 0.0 0.0 0.0 0.0
0.0 0.0 0.0 0.0 0.0 1.0 0.0 0.0 0.0 0.0 0.0 0.0 0.0 0.0 0.0
0.0 0.0 0.0 0.0 0.0 0.0 0.0 0.0 0.0 1.0 0.0 0.0 0.0 0.0 0.0
0.0 0.0 0.0 0.0 0.0 0.0 0.0 0.0 0.0 0.0 1.0 0.0 0.0 0.0 0.0
0.0 0.0 0.0 0.0 0.0 0.0 0.0 0.0 0.0 0.0 0.0 1.0 0.0 0.0 0.0
0.0 0.0 0.0 0.0 0.0 0.0 1.0 0.0 0.0 0.0 0.0 0.0 0.0 0.0 0.0
0.0 0.0 0.0 0.0 0.0 0.0 0.0 1.0 0.0 0.0 0.0 0.0 0.0 0.0 0.0
0.0 0.0 0.0 0.0 0.0 0.0 0.0 0.0 1.0 0.0 0.0 0.0 0.0 0.0 0.0

1.0 0.0 0.0 0.0 0.0 0.0 0.0 0.0 0.0 0.0 0.0 0.0 0.0 0.0 0.0
0.0 1.0 0.0 0.0 0.0 0.0 0.0 0.0 0.0 0.0 0.0 0.0 0.0 0.0 0.0
0.0 0.0 1.0 0.0 0.0 0.0 0.0 0.0 0.0 0.0 0.0 0.0 0.0 0.0 0.0
0.0 0.0 0.0 0.0 0.0 0.0 1.0 0.0 0.0 0.0 0.0 0.0 0.0 0.0 0.0
0.0 0.0 0.0 0.0 0.0 0.0 0.0 1.0 0.0 0.0 0.0 0.0 0.0 0.0 0.0
0.0 0.0 0.0 0.0 0.0 0.0 0.0 0.0 1.0 0.0 0.0 0.0 0.0 0.0 0.0
0.0 0.0 0.0 0.0 0.0 0.0 0.0 0.0 0.0 0.0 0.0 0.0 1.0 0.0 0.0
0.0 0.0 0.0 0.0 0.0 0.0 0.0 0.0 0.0 0.0 0.0 0.0 0.0 1.0 0.0
0.0 0.0 0.0 0.0 0.0 0.0 0.0 0.0 0.0 0.0 0.0 0.0 0.0 0.0 1.0
0.0 0.0 0.0 0.0 0.0 0.0 0.0 0.0 0.0 1.0 0.0 0.0 0.0 0.0 0.0
0.0 0.0 0.0 0.0 0.0 0.0 0.0 0.0 0.0 0.0 1.0 0.0 0.0 0.0 0.0
0.0 0.0 0.0 0.0 0.0 0.0 0.0 0.0 0.0 0.0 0.0 1.0 0.0 0.0 0.0
0.0 0.0 0.0 1.0 0.0 0.0 0.0 0.0 0.0 0.0 0.0 0.0 0.0 0.0 0.0
0.0 0.0 0.0 0.0 1.0 0.0 0.0 0.0 0.0 0.0 0.0 0.0 0.0 0.0 0.0
0.0 0.0 0.0 0.0 0.0 1.0 0.0 0.0 0.0 0.0 0.0 0.0 0.0 0.0 0.0

1.0 0.0 0.0 0.0 0.0 0.0 0.0 0.0 0.0 0.0 0.0 0.0 0.0 0.0 0.0
0.0 1.0 0.0 0.0 0.0 0.0 0.0 0.0 0.0 0.0 0.0 0.0 0.0 0.0 0.0
0.0 0.0 1.0 0.0 0.0 0.0 0.0 0.0 0.0 0.0 0.0 0.0 0.0 0.0 0.0
0.0 0.0 0.0 0.0 0.0 0.0 0.0 0.0 0.0 0.0 0.0 0.0 1.0 0.0 0.0
0.0 0.0 0.0 0.0 0.0 0.0 0.0 0.0 0.0 0.0 0.0 0.0 0.0 1.0 0.0
0.0 0.0 0.0 0.0 0.0 0.0 0.0 0.0 0.0 0.0 0.0 0.0 0.0 0.0 1.0
0.0 0.0 0.0 0.0 0.0 0.0 1.0 0.0 0.0 0.0 0.0 0.0 0.0 0.0 0.0
0.0 0.0 0.0 0.0 0.0 0.0 0.0 1.0 0.0 0.0 0.0 0.0 0.0 0.0 0.0
0.0 0.0 0.0 0.0 0.0 0.0 0.0 0.0 1.0 0.0 0.0 0.0 0.0 0.0 0.0
0.0 0.0 0.0 1.0 0.0 0.0 0.0 0.0 0.0 0.0 0.0 0.0 0.0 0.0 0.0
0.0 0.0 0.0 0.0 1.0 0.0 0.0 0.0 0.0 0.0 0.0 0.0 0.0 0.0 0.0
0.0 0.0 0.0 0.0 0.0 1.0 0.0 0.0 0.0 0.0 0.0 0.0 0.0 0.0 0.0
0.0 0.0 0.0 0.0 0.0 0.0 0.0 0.0 0.0 1.0 0.0 0.0 0.0 0.0 0.0
0.0 0.0 0.0 0.0 0.0 0.0 0.0 0.0 0.0 0.0 1.0 0.0 0.0 0.0 0.0
0.0 0.0 0.0 0.0 0.0 0.0 0.0 0.0 0.0 0.0 0.0 1.0 0.0 0.0 0.0

1.0 0.0 0.0 0.0 0.0 0.0 0.0 0.0 0.0 0.0 0.0 0.0 0.0 0.0 0.0
0.0 1.0 0.0 0.0 0.0 0.0 0.0 0.0 0.0 0.0 0.0 0.0 0.0 0.0 0.0
0.0 0.0 1.0 0.0 0.0 0.0 0.0 0.0 0.0 0.0 0.0 0.0 0.0 0.0 0.0
0.0 0.0 0.0 0.0 0.0 0.0 0.0 0.0 0.0 1.0 0.0 0.0 0.0 0.0 0.0
0.0 0.0 0.0 0.0 0.0 0.0 0.0 0.0 0.0 0.0 1.0 0.0 0.0 0.0 0.0
0.0 0.0 0.0 0.0 0.0 0.0 0.0 0.0 0.0 0.0 0.0 1.0 0.0 0.0 0.0
0.0 0.0 0.0 0.0 0.0 0.0 1.0 0.0 0.0 0.0 0.0 0.0 0.0 0.0 0.0
0.0 0.0 0.0 0.0 0.0 0.0 0.0 1.0 0.0 0.0 0.0 0.0 0.0 0.0 0.0
0.0 0.0 0.0 0.0 0.0 0.0 0.0 0.0 1.0 0.0 0.0 0.0 0.0 0.0 0.0
0.0 0.0 0.0 0.0 0.0 0.0 0.0 0.0 0.0 0.0 0.0 0.0 1.0 0.0 0.0
0.0 0.0 0.0 0.0 0.0 0.0 0.0 0.0 0.0 0.0 0.0 0.0 0.0 1.0 0.0
0.0 0.0 0.0 0.0 0.0 0.0 0.0 0.0 0.0 0.0 0.0 0.0 0.0 0.0 1.0
0.0 0.0 0.0 1.0 0.0 0.0 0.0 0.0 0.0 0.0 0.0 0.0 0.0 0.0 0.0
0.0 0.0 0.0 0.0 1.0 0.0 0.0 0.0 0.0 0.0 0.0 0.0 0.0 0.0 0.0
0.0 0.0 0.0 0.0 0.0 1.0 0.0 0.0 0.0 0.0 0.0 0.0 0.0 0.0 0.0

1.0 0.0 0.0 0.0 0.0 0.0 0.0 0.0 0.0 0.0 0.0 0.0 0.0 0.0 0.0
0.0 1.0 0.0 0.0 0.0 0.0 0.0 0.0 0.0 0.0 0.0 0.0 0.0 0.0 0.0
0.0 0.0 1.0 0.0 0.0 0.0 0.0 0.0 0.0 0.0 0.0 0.0 0.0 0.0 0.0
0.0 0.0 0.0 1.0 0.0 0.0 0.0 0.0 0.0 0.0 0.0 0.0 0.0 0.0 0.0
0.0 0.0 0.0 0.0 1.0 0.0 0.0 0.0 0.0 0.0 0.0 0.0 0.0 0.0 0.0
0.0 0.0 0.0 0.0 0.0 1.0 0.0 0.0 0.0 0.0 0.0 0.0 0.0 0.0 0.0
0.0 0.0 0.0 0.0 0.0 0.0 0.0 0.0 0.0 0.0 0.0 0.0 1.0 0.0 0.0
0.0 0.0 0.0 0.0 0.0 0.0 0.0 0.0 0.0 0.0 0.0 0.0 0.0 1.0 0.0
0.0 0.0 0.0 0.0 0.0 0.0 0.0 0.0 0.0 0.0 0.0 0.0 0.0 0.0 1.0
0.0 0.0 0.0 0.0 0.0 0.0 1.0 0.0 0.0 0.0 0.0 0.0 0.0 0.0 0.0
0.0 0.0 0.0 0.0 0.0 0.0 0.0 1.0 0.0 0.0 0.0 0.0 0.0 0.0 0.0
0.0 0.0 0.0 0.0 0.0 0.0 0.0 0.0 1.0 0.0 0.0 0.0 0.0 0.0 0.0
0.0 0.0 0.0 0.0 0.0 0.0 0.0 0.0 0.0 1.0 0.0 0.0 0.0 0.0 0.0
0.0 0.0 0.0 0.0 0.0 0.0 0.0 0.0 0.0 0.0 1.0 0.0 0.0 0.0 0.0
0.0 0.0 0.0 0.0 0.0 0.0 0.0 0.0 0.0 0.0 0.0 1.0 0.0 0.0 0.0

1.0 0.0 0.0 0.0 0.0 0.0 0.0 0.0 0.0 0.0 0.0 0.0 0.0 0.0 0.0
0.0 1.0 0.0 0.0 0.0 0.0 0.0 0.0 0.0 0.0 0.0 0.0 0.0 0.0 0.0
0.0 0.0 1.0 0.0 0.0 0.0 0.0 0.0 0.0 0.0 0.0 0.0 0.0 0.0 0.0
0.0 0.0 0.0 1.0 0.0 0.0 0.0 0.0 0.0 0.0 0.0 0.0 0.0 0.0 0.0
0.0 0.0 0.0 0.0 1.0 0.0 0.0 0.0 0.0 0.0 0.0 0.0 0.0 0.0 0.0
0.0 0.0 0.0 0.0 0.0 1.0 0.0 0.0 0.0 0.0 0.0 0.0 0.0 0.0 0.0
0.0 0.0 0.0 0.0 0.0 0.0 0.0 0.0 0.0 1.0 0.0 0.0 0.0 0.0 0.0
0.0 0.0 0.0 0.0 0.0 0.0 0.0 0.0 0.0 0.0 1.0 0.0 0.0 0.0 0.0
0.0 0.0 0.0 0.0 0.0 0.0 0.0 0.0 0.0 0.0 0.0 1.0 0.0 0.0 0.0
0.0 0.0 0.0 0.0 0.0 0.0 0.0 0.0 0.0 0.0 0.0 0.0 1.0 0.0 0.0
0.0 0.0 0.0 0.0 0.0 0.0 0.0 0.0 0.0 0.0 0.0 0.0 0.0 1.0 0.0
0.0 0.0 0.0 0.0 0.0 0.0 0.0 0.0 0.0 0.0 0.0 0.0 0.0 0.0 1.0
0.0 0.0 0.0 0.0 0.0 0.0 1.0 0.0 0.0 0.0 0.0 0.0 0.0 0.0 0.0
0.0 0.0 0.0 0.0 0.0 0.0 0.0 1.0 0.0 0.0 0.0 0.0 0.0 0.0 0.0
0.0 0.0 0.0 0.0 0.0 0.0 0.0 0.0 1.0 0.0 0.0 0.0 0.0 0.0 0.0

1.0 0.0 0.0 0.0 0.0 0.0 0.0 0.0 0.0 0.0 0.0 0.0 0.0 0.0 0.0
0.0 1.0 0.0 0.0 0.0 0.0 0.0 0.0 0.0 0.0 0.0 0.0 0.0 0.0 0.0
0.0 0.0 1.0 0.0 0.0 0.0 0.0 0.0 0.0 0.0 0.0 0.0 0.0 0.0 0.0
0.0 0.0 0.0 0.0 0.0 0.0 0.0 0.0 0.0 0.0 0.0 0.0 1.0 0.0 0.0
0.0 0.0 0.0 0.0 0.0 0.0 0.0 0.0 0.0 0.0 0.0 0.0 0.0 1.0 0.0
0.0 0.0 0.0 0.0 0.0 0.0 0.0 0.0 0.0 0.0 0.0 0.0 0.0 0.0 1.0
0.0 0.0 0.0 1.0 0.0 0.0 0.0 0.0 0.0 0.0 0.0 0.0 0.0 0.0 0.0
0.0 0.0 0.0 0.0 1.0 0.0 0.0 0.0 0.0 0.0 0.0 0.0 0.0 0.0 0.0
0.0 0.0 0.0 0.0 0.0 1.0 0.0 0.0 0.0 0.0 0.0 0.0 0.0 0.0 0.0
0.0 0.0 0.0 0.0 0.0 0.0 1.0 0.0 0.0 0.0 0.0 0.0 0.0 0.0 0.0
0.0 0.0 0.0 0.0 0.0 0.0 0.0 1.0 0.0 0.0 0.0 0.0 0.0 0.0 0.0
0.0 0.0 0.0 0.0 0.0 0.0 0.0 0.0 1.0 0.0 0.0 0.0 0.0 0.0 0.0
0.0 0.0 0.0 0.0 0.0 0.0 0.0 0.0 0.0 1.0 0.0 0.0 0.0 0.0 0.0
0.0 0.0 0.0 0.0 0.0 0.0 0.0 0.0 0.0 0.0 1.0 0.0 0.0 0.0 0.0
0.0 0.0 0.0 0.0 0.0 0.0 0.0 0.0 0.0 0.0 0.0 1.0 0.0 0.0 0.0

1.0 0.0 0.0 0.0 0.0 0.0 0.0 0.0 0.0 0.0 0.0 0.0 0.0 0.0 0.0
0.0 1.0 0.0 0.0 0.0 0.0 0.0 0.0 0.0 0.0 0.0 0.0 0.0 0.0 0.0
0.0 0.0 1.0 0.0 0.0 0.0 0.0 0.0 0.0 0.0 0.0 0.0 0.0 0.0 0.0
0.0 0.0 0.0 0.0 0.0 0.0 0.0 0.0 0.0 1.0 0.0 0.0 0.0 0.0 0.0
0.0 0.0 0.0 0.0 0.0 0.0 0.0 0.0 0.0 0.0 1.0 0.0 0.0 0.0 0.0
0.0 0.0 0.0 0.0 0.0 0.0 0.0 0.0 0.0 0.0 0.0 1.0 0.0 0.0 0.0
0.0 0.0 0.0 1.0 0.0 0.0 0.0 0.0 0.0 0.0 0.0 0.0 0.0 0.0 0.0
0.0 0.0 0.0 0.0 1.0 0.0 0.0 0.0 0.0 0.0 0.0 0.0 0.0 0.0 0.0
0.0 0.0 0.0 0.0 0.0 1.0 0.0 0.0 0.0 0.0 0.0 0.0 0.0 0.0 0.0
0.0 0.0 0.0 0.0 0.0 0.0 0.0 0.0 0.0 0.0 0.0 0.0 1.0 0.0 0.0
0.0 0.0 0.0 0.0 0.0 0.0 0.0 0.0 0.0 0.0 0.0 0.0 0.0 1.0 0.0
0.0 0.0 0.0 0.0 0.0 0.0 0.0 0.0 0.0 0.0 0.0 0.0 0.0 0.0 1.0
0.0 0.0 0.0 0.0 0.0 0.0 1.0 0.0 0.0 0.0 0.0 0.0 0.0 0.0 0.0
0.0 0.0 0.0 0.0 0.0 0.0 0.0 1.0 0.0 0.0 0.0 0.0 0.0 0.0 0.0
0.0 0.0 0.0 0.0 0.0 0.0 0.0 0.0 1.0 0.0 0.0 0.0 0.0 0.0 0.0

1.0 0.0 0.0 0.0 0.0 0.0 0.0 0.0 0.0 0.0 0.0 0.0 0.0 0.0 0.0
0.0 1.0 0.0 0.0 0.0 0.0 0.0 0.0 0.0 0.0 0.0 0.0 0.0 0.0 0.0
0.0 0.0 1.0 0.0 0.0 0.0 0.0 0.0 0.0 0.0 0.0 0.0 0.0 0.0 0.0
0.0 0.0 0.0 0.0 0.0 0.0 0.0 0.0 0.0 0.0 0.0 0.0 1.0 0.0 0.0
0.0 0.0 0.0 0.0 0.0 0.0 0.0 0.0 0.0 0.0 0.0 0.0 0.0 1.0 0.0
0.0 0.0 0.0 0.0 0.0 0.0 0.0 0.0 0.0 0.0 0.0 0.0 0.0 0.0 1.0
0.0 0.0 0.0 0.0 0.0 0.0 0.0 0.0 0.0 1.0 0.0 0.0 0.0 0.0 0.0
0.0 0.0 0.0 0.0 0.0 0.0 0.0 0.0 0.0 0.0 1.0 0.0 0.0 0.0 0.0
0.0 0.0 0.0 0.0 0.0 0.0 0.0 0.0 0.0 0.0 0.0 1.0 0.0 0.0 0.0
0.0 0.0 0.0 1.0 0.0 0.0 0.0 0.0 0.0 0.0 0.0 0.0 0.0 0.0 0.0
0.0 0.0 0.0 0.0 1.0 0.0 0.0 0.0 0.0 0.0 0.0 0.0 0.0 0.0 0.0
0.0 0.0 0.0 0.0 0.0 1.0 0.0 0.0 0.0 0.0 0.0 0.0 0.0 0.0 0.0
0.0 0.0 0.0 0.0 0.0 0.0 1.0 0.0 0.0 0.0 0.0 0.0 0.0 0.0 0.0
0.0 0.0 0.0 0.0 0.0 0.0 0.0 1.0 0.0 0.0 0.0 0.0 0.0 0.0 0.0
0.0 0.0 0.0 0.0 0.0 0.0 0.0 0.0 1.0 0.0 0.0 0.0 0.0 0.0 0.0

1.0 0.0 0.0 0.0 0.0 0.0 0.0 0.0 0.0 0.0 0.0 0.0 0.0 0.0 0.0
0.0 1.0 0.0 0.0 0.0 0.0 0.0 0.0 0.0 0.0 0.0 0.0 0.0 0.0 0.0
0.0 0.0 1.0 0.0 0.0 0.0 0.0 0.0 0.0 0.0 0.0 0.0 0.0 0.0 0.0
0.0 0.0 0.0 0.0 0.0 0.0 1.0 0.0 0.0 0.0 0.0 0.0 0.0 0.0 0.0
0.0 0.0 0.0 0.0 0.0 0.0 0.0 1.0 0.0 0.0 0.0 0.0 0.0 0.0 0.0
0.0 0.0 0.0 0.0 0.0 0.0 0.0 0.0 1.0 0.0 0.0 0.0 0.0 0.0 0.0
0.0 0.0 0.0 0.0 0.0 0.0 0.0 0.0 0.0 0.0 0.0 0.0 1.0 0.0 0.0
0.0 0.0 0.0 0.0 0.0 0.0 0.0 0.0 0.0 0.0 0.0 0.0 0.0 1.0 0.0
0.0 0.0 0.0 0.0 0.0 0.0 0.0 0.0 0.0 0.0 0.0 0.0 0.0 0.0 1.0
0.0 0.0 0.0 1.0 0.0 0.0 0.0 0.0 0.0 0.0 0.0 0.0 0.0 0.0 0.0
0.0 0.0 0.0 0.0 1.0 0.0 0.0 0.0 0.0 0.0 0.0 0.0 0.0 0.0 0.0
0.0 0.0 0.0 0.0 0.0 1.0 0.0 0.0 0.0 0.0 0.0 0.0 0.0 0.0 0.0
0.0 0.0 0.0 0.0 0.0 0.0 0.0 0.0 0.0 1.0 0.0 0.0 0.0 0.0 0.0
0.0 0.0 0.0 0.0 0.0 0.0 0.0 0.0 0.0 0.0 1.0 0.0 0.0 0.0 0.0
0.0 0.0 0.0 0.0 0.0 0.0 0.0 0.0 0.0 0.0 0.0 1.0 0.0 0.0 0.0

1.0 0.0 0.0 0.0 0.0 0.0 0.0 0.0 0.0 0.0 0.0 0.0 0.0 0.0 0.0
0.0 1.0 0.0 0.0 0.0 0.0 0.0 0.0 0.0 0.0 0.0 0.0 0.0 0.0 0.0
0.0 0.0 1.0 0.0 0.0 0.0 0.0 0.0 0.0 0.0 0.0 0.0 0.0 0.0 0.0
0.0 0.0 0.0 0.0 0.0 0.0 0.0 0.0 0.0 1.0 0.0 0.0 0.0 0.0 0.0
0.0 0.0 0.0 0.0 0.0 0.0 0.0 0.0 0.0 0.0 1.0 0.0 0.0 0.0 0.0
0.0 0.0 0.0 0.0 0.0 0.0 0.0 0.0 0.0 0.0 0.0 1.0 0.0 0.0 0.0
0.0 0.0 0.0 0.0 0.0 0.0 0.0 0.0 0.0 0.0 0.0 0.0 1.0 0.0 0.0
0.0 0.0 0.0 0.0 0.0 0.0 0.0 0.0 0.0 0.0 0.0 0.0 0.0 1.0 0.0
0.0 0.0 0.0 0.0 0.0 0.0 0.0 0.0 0.0 0.0 0.0 0.0 0.0 0.0 1.0
0.0 0.0 0.0 0.0 0.0 0.0 1.0 0.0 0.0 0.0 0.0 0.0 0.0 0.0 0.0
0.0 0.0 0.0 0.0 0.0 0.0 0.0 1.0 0.0 0.0 0.0 0.0 0.0 0.0 0.0
0.0 0.0 0.0 0.0 0.0 0.0 0.0 0.0 1.0 0.0 0.0 0.0 0.0 0.0 0.0
0.0 0.0 0.0 1.0 0.0 0.0 0.0 0.0 0.0 0.0 0.0 0.0 0.0 0.0 0.0
0.0 0.0 0.0 0.0 1.0 0.0 0.0 0.0 0.0 0.0 0.0 0.0 0.0 0.0 0.0
0.0 0.0 0.0 0.0 0.0 1.0 0.0 0.0 0.0 0.0 0.0 0.0 0.0 0.0 0.0

1.0 0.0 0.0 0.0 0.0 0.0 0.0 0.0 0.0 0.0 0.0 0.0 0.0 0.0 0.0
0.0 1.0 0.0 0.0 0.0 0.0 0.0 0.0 0.0 0.0 0.0 0.0 0.0 0.0 0.0
0.0 0.0 1.0 0.0 0.0 0.0 0.0 0.0 0.0 0.0 0.0 0.0 0.0 0.0 0.0
0.0 0.0 0.0 0.0 0.0 0.0 1.0 0.0 0.0 0.0 0.0 0.0 0.0 0.0 0.0
0.0 0.0 0.0 0.0 0.0 0.0 0.0 1.0 0.0 0.0 0.0 0.0 0.0 0.0 0.0
0.0 0.0 0.0 0.0 0.0 0.0 0.0 0.0 1.0 0.0 0.0 0.0 0.0 0.0 0.0
0.0 0.0 0.0 0.0 0.0 0.0 0.0 0.0 0.0 1.0 0.0 0.0 0.0 0.0 0.0
0.0 0.0 0.0 0.0 0.0 0.0 0.0 0.0 0.0 0.0 1.0 0.0 0.0 0.0 0.0
0.0 0.0 0.0 0.0 0.0 0.0 0.0 0.0 0.0 0.0 0.0 1.0 0.0 0.0 0.0
0.0 0.0 0.0 0.0 0.0 0.0 0.0 0.0 0.0 0.0 0.0 0.0 1.0 0.0 0.0
0.0 0.0 0.0 0.0 0.0 0.0 0.0 0.0 0.0 0.0 0.0 0.0 0.0 1.0 0.0
0.0 0.0 0.0 0.0 0.0 0.0 0.0 0.0 0.0 0.0 0.0 0.0 0.0 0.0 1.0
0.0 0.0 0.0 1.0 0.0 0.0 0.0 0.0 0.0 0.0 0.0 0.0 0.0 0.0 0.0
0.0 0.0 0.0 0.0 1.0 0.0 0.0 0.0 0.0 0.0 0.0 0.0 0.0 0.0 0.0
0.0 0.0 0.0 0.0 0.0 1.0 0.0 0.0 0.0 0.0 0.0 0.0 0.0 0.0 0.0

